{
  "meta": {
    "map": "Grassy",
    "tileset_image": "grassy_prefabs_final.png",
    "tileset_grid_json": "grassy_prefabs_final.json",
    "tileSize": 16,
    "source_file": "Grassy.xlsx"
  },
  "prefabs": {
    "floor-final": {
      "cells": [
        [
          "cell-8-18"
        ],
        [
          "cell-8-19"
        ]
      ],
      "rects": [
        [
          {
            "x": 128,
            "y": 288,
            "w": 16,
            "h": 16
          }
        ],
        [
          {
            "x": 128,
            "y": 304,
            "w": 16,
            "h": 16
          }
        ]
      ]
    },

    "tree-large-final": {
      "cells": [],
      "rects": [
        [
          null,
          { "x": 32, "y": -3, "w": 16, "h": 16 },
          null
        ],
        [
          { "x": 16, "y": 13, "w": 16, "h": 16 },
          { "x": 32, "y": 13, "w": 16, "h": 16 },
          { "x": 48, "y": 13, "w": 16, "h": 16 }
        ],
        [
          { "x": 16, "y": 29, "w": 16, "h": 16 },
          { "x": 32, "y": 29, "w": 16, "h": 16 },
          { "x": 48, "y": 29, "w": 16, "h": 16 }
        ],
        [
          null,
          { "x": 32, "y": 45, "w": 16, "h": 16 },
          null
        ]
      ]
    },

    "tree-medium-final": {
      "cells": [],
      "rects": [
        [
          { "x": 80, "y": 16, "w": 16, "h": 16 },
          { "x": 96, "y": 16, "w": 16, "h": 16 }
        ],
        [
          { "x": 80, "y": 32, "w": 16, "h": 16 },
          { "x": 96, "y": 32, "w": 16, "h": 16 }
        ],
        [
          { "x": 80, "y": 48, "w": 16, "h": 16 },
          { "x": 96, "y": 48, "w": 16, "h": 16 }
        ]
      ]
    },

    "tree-small-final": {
      "cells": [],
      "rects": [
        [
          { "x": 128, "y": 32, "w": 16, "h": 16 },
          { "x": 144, "y": 32, "w": 16, "h": 16 }
        ],
        [
          { "x": 128, "y": 48, "w": 16, "h": 16 },
          { "x": 144, "y": 48, "w": 16, "h": 16 }
        ]
      ]
    },

    "platform-grass-3-final": {
      "cells": [],
      "rects": [
        [
          { "x": 32, "y": 304, "w": 16, "h": 16 },
          { "x": 48, "y": 304, "w": 16, "h": 16 },
          { "x": 64, "y": 304, "w": 16, "h": 16 }
        ]
      ]
    },

    "platform-grass-1-final": {
      "cells": [],
      "rects": [
        [
          { "x": 0, "y": 304, "w": 16, "h": 16 }
        ]
      ]
    },

    "platform-wood-3-final": {
      "cells": [],
      "rects": [
        [
          { "x": 48, "y": 144, "w": 16, "h": 16 },
          { "x": 64, "y": 144, "w": 16, "h": 16 },
          { "x": 80, "y": 144, "w": 16, "h": 16 }
        ],
        [
          { "x": 48, "y": 160, "w": 16, "h": 16 },
          { "x": 64, "y": 160, "w": 16, "h": 16 },
          { "x": 80, "y": 160, "w": 16, "h": 16 }
        ]
      ]
    },

    "platform-wood-1-final": {
      "cells": [],
      "rects": [
        [
          { "x": 128, "y": 160, "w": 16, "h": 16 }
        ]
      ]
    },

    "platform-wood-2-left-final": {
      "cells": [],
      "rects": [
        [
          { "x": 32, "y": 96, "w": 16, "h": 16 },
          { "x": 48, "y": 96, "w": 16, "h": 16 }
        ]
      ]
    },

    "platform-wood-2-right-final": {
      "cells": [],
      "rects": [
        [
          { "x": 80, "y": 96, "w": 16, "h": 16 },
          { "x": 96, "y": 96, "w": 16, "h": 16 }
        ]
      ]
    },

    "mushroom-red-large-final": {
      "cells": [],
      "rects": [
        [
          { "x": 272, "y": 0, "w": 16, "h": 16 }
        ]
      ]
    },

    "mushroom-red-medium-final": {
      "cells": [],
      "rects": [
        [
          { "x": 256, "y": 0, "w": 16, "h": 16 }
        ]
      ]
    },

    "mushroom-red-small-final": {
      "cells": [],
      "rects": [
        [
          { "x": 240, "y": 0, "w": 16, "h": 16 }
        ]
      ]
    },

    "mushroom-green-large-final": {
      "cells": [],
      "rects": [
        [
          { "x": 272, "y": 32, "w": 16, "h": 16 }
        ]
      ]
    },

    "mushroom-green-medium-final": {
      "cells": [],
      "rects": [
        [
          { "x": 256, "y": 32, "w": 16, "h": 16 }
        ]
      ]
    },

    "mushroom-green-small-final": {
      "cells": [],
      "rects": [
        [
          { "x": 240, "y": 32, "w": 16, "h": 16 }
        ]
      ]
    },

    "grass-1-final": {
      "cells": [],
      "rects": [
        [
          { "x": 304, "y": 0, "w": 16, "h": 16 }
        ]
      ]
    },

    "grass-2-final": {
      "cells": [],
      "rects": [
        [
          { "x": 320, "y": 0, "w": 16, "h": 16 }
        ]
      ]
    },

    "grass-3-final": {
      "cells": [],
      "rects": [
        [
          { "x": 336, "y": 0, "w": 16, "h": 16 }
        ]
      ]
    },

    "grass-4-final": {
      "cells": [],
      "rects": [
        [
          { "x": 352, "y": 0, "w": 16, "h": 16 }
        ]
      ]
    },

    "grass-5-final": {
      "cells": [],
      "rects": [
        [
          { "x": 368, "y": 0, "w": 16, "h": 16 }
        ]
      ]
    },

    "grass-6-final": {
      "cells": [],
      "rects": [
        [
          { "x": 384, "y": 0, "w": 16, "h": 16 }
        ]
      ]
    }
  }
}