{
  "meta": {
    "image": "grassy_prefabs_final.png",
    "size": {
      "w": 480,
      "h": 320
    },
    "tileSize": 16,
    "cols": 30,
    "rows": 20,
    "origin": [
      0,
      0
    ],
    "spacing": [
      0,
      0
    ],
    "note": "Frames reference the original sheet; preview is for visual indexing only."
  },
  "frames": {
    "cell-0-0": {
      "x": 0,
      "y": 0,
      "w": 16,
      "h": 16
    },
    "cell-1-0": {
      "x": 16,
      "y": 0,
      "w": 16,
      "h": 16
    },
    "cell-2-0": {
      "x": 32,
      "y": 0,
      "w": 16,
      "h": 16
    },
    "cell-3-0": {
      "x": 48,
      "y": 0,
      "w": 16,
      "h": 16
    },
    "cell-4-0": {
      "x": 64,
      "y": 0,
      "w": 16,
      "h": 16
    },
    "cell-5-0": {
      "x": 80,
      "y": 0,
      "w": 16,
      "h": 16
    },
    "cell-6-0": {
      "x": 96,
      "y": 0,
      "w": 16,
      "h": 16
    },
    "cell-7-0": {
      "x": 112,
      "y": 0,
      "w": 16,
      "h": 16
    },
    "cell-8-0": {
      "x": 128,
      "y": 0,
      "w": 16,
      "h": 16
    },
    "cell-9-0": {
      "x": 144,
      "y": 0,
      "w": 16,
      "h": 16
    },
    "cell-10-0": {
      "x": 160,
      "y": 0,
      "w": 16,
      "h": 16
    },
    "cell-11-0": {
      "x": 176,
      "y": 0,
      "w": 16,
      "h": 16
    },
    "cell-12-0": {
      "x": 192,
      "y": 0,
      "w": 16,
      "h": 16
    },
    "cell-13-0": {
      "x": 208,
      "y": 0,
      "w": 16,
      "h": 16
    },
    "cell-14-0": {
      "x": 224,
      "y": 0,
      "w": 16,
      "h": 16
    },
    "cell-15-0": {
      "x": 240,
      "y": 0,
      "w": 16,
      "h": 16
    },
    "cell-16-0": {
      "x": 256,
      "y": 0,
      "w": 16,
      "h": 16
    },
    "cell-17-0": {
      "x": 272,
      "y": 0,
      "w": 16,
      "h": 16
    },
    "cell-18-0": {
      "x": 288,
      "y": 0,
      "w": 16,
      "h": 16
    },
    "cell-19-0": {
      "x": 304,
      "y": 0,
      "w": 16,
      "h": 16
    },
    "cell-20-0": {
      "x": 320,
      "y": 0,
      "w": 16,
      "h": 16
    },
    "cell-21-0": {
      "x": 336,
      "y": 0,
      "w": 16,
      "h": 16
    },
    "cell-22-0": {
      "x": 352,
      "y": 0,
      "w": 16,
      "h": 16
    },
    "cell-23-0": {
      "x": 368,
      "y": 0,
      "w": 16,
      "h": 16
    },
    "cell-24-0": {
      "x": 384,
      "y": 0,
      "w": 16,
      "h": 16
    },
    "cell-25-0": {
      "x": 400,
      "y": 0,
      "w": 16,
      "h": 16
    },
    "cell-26-0": {
      "x": 416,
      "y": 0,
      "w": 16,
      "h": 16
    },
    "cell-27-0": {
      "x": 432,
      "y": 0,
      "w": 16,
      "h": 16
    },
    "cell-28-0": {
      "x": 448,
      "y": 0,
      "w": 16,
      "h": 16
    },
    "cell-29-0": {
      "x": 464,
      "y": 0,
      "w": 16,
      "h": 16
    },
    "cell-0-1": {
      "x": 0,
      "y": 16,
      "w": 16,
      "h": 16
    },
    "cell-1-1": {
      "x": 16,
      "y": 16,
      "w": 16,
      "h": 16
    },
    "cell-2-1": {
      "x": 32,
      "y": 16,
      "w": 16,
      "h": 16
    },
    "cell-3-1": {
      "x": 48,
      "y": 16,
      "w": 16,
      "h": 16
    },
    "cell-4-1": {
      "x": 64,
      "y": 16,
      "w": 16,
      "h": 16
    },
    "cell-5-1": {
      "x": 80,
      "y": 16,
      "w": 16,
      "h": 16
    },
    "cell-6-1": {
      "x": 96,
      "y": 16,
      "w": 16,
      "h": 16
    },
    "cell-7-1": {
      "x": 112,
      "y": 16,
      "w": 16,
      "h": 16
    },
    "cell-8-1": {
      "x": 128,
      "y": 16,
      "w": 16,
      "h": 16
    },
    "cell-9-1": {
      "x": 144,
      "y": 16,
      "w": 16,
      "h": 16
    },
    "cell-10-1": {
      "x": 160,
      "y": 16,
      "w": 16,
      "h": 16
    },
    "cell-11-1": {
      "x": 176,
      "y": 16,
      "w": 16,
      "h": 16
    },
    "cell-12-1": {
      "x": 192,
      "y": 16,
      "w": 16,
      "h": 16
    },
    "cell-13-1": {
      "x": 208,
      "y": 16,
      "w": 16,
      "h": 16
    },
    "cell-14-1": {
      "x": 224,
      "y": 16,
      "w": 16,
      "h": 16
    },
    "cell-15-1": {
      "x": 240,
      "y": 16,
      "w": 16,
      "h": 16
    },
    "cell-16-1": {
      "x": 256,
      "y": 16,
      "w": 16,
      "h": 16
    },
    "cell-17-1": {
      "x": 272,
      "y": 16,
      "w": 16,
      "h": 16
    },
    "cell-18-1": {
      "x": 288,
      "y": 16,
      "w": 16,
      "h": 16
    },
    "cell-19-1": {
      "x": 304,
      "y": 16,
      "w": 16,
      "h": 16
    },
    "cell-20-1": {
      "x": 320,
      "y": 16,
      "w": 16,
      "h": 16
    },
    "cell-21-1": {
      "x": 336,
      "y": 16,
      "w": 16,
      "h": 16
    },
    "cell-22-1": {
      "x": 352,
      "y": 16,
      "w": 16,
      "h": 16
    },
    "cell-23-1": {
      "x": 368,
      "y": 16,
      "w": 16,
      "h": 16
    },
    "cell-24-1": {
      "x": 384,
      "y": 16,
      "w": 16,
      "h": 16
    },
    "cell-25-1": {
      "x": 400,
      "y": 16,
      "w": 16,
      "h": 16
    },
    "cell-26-1": {
      "x": 416,
      "y": 16,
      "w": 16,
      "h": 16
    },
    "cell-27-1": {
      "x": 432,
      "y": 16,
      "w": 16,
      "h": 16
    },
    "cell-28-1": {
      "x": 448,
      "y": 16,
      "w": 16,
      "h": 16
    },
    "cell-29-1": {
      "x": 464,
      "y": 16,
      "w": 16,
      "h": 16
    },
    "cell-8-18": {
      "x": 128,
      "y": 288,
      "w": 16,
      "h": 16
    },
    "cell-8-19": {
      "x": 128,
      "y": 304,
      "w": 16,
      "h": 16
    }
  }
}