{
  "meta": {
    "image": "old_climb_atlas.png",
    "size": {
      "w": 104,
      "h": 104
    },
    "tileSize": 48,
    "padding": 2,
    "type": "character",
    "animation": "old climb"
  },
  "frames": {
    "old climb_1": {
      "x": 2,
      "y": 2,
      "w": 48,
      "h": 48,
      "pivotX": 0.5,
      "pivotY": 0.9
    },
    "old climb_2": {
      "x": 54,
      "y": 2,
      "w": 48,
      "h": 48,
      "pivotX": 0.5,
      "pivotY": 0.9
    },
    "old climb_3": {
      "x": 2,
      "y": 54,
      "w": 48,
      "h": 48,
      "pivotX": 0.5,
      "pivotY": 0.9
    },
    "old climb_4": {
      "x": 54,
      "y": 54,
      "w": 48,
      "h": 48,
      "pivotX": 0.5,
      "pivotY": 0.9
    }
  }
}