{
  "meta": {
    "image": "Crouch-Walk_atlas.png",
    "size": {
      "w": 156,
      "h": 208
    },
    "tileSize": 48,
    "padding": 2,
    "type": "character",
    "animation": "Crouch-Walk"
  },
  "frames": {
    "Crouch-Walk_1": {
      "x": 2,
      "y": 2,
      "w": 48,
      "h": 48,
      "pivotX": 0.5,
      "pivotY": 0.9
    },
    "Crouch-Walk_2": {
      "x": 54,
      "y": 2,
      "w": 48,
      "h": 48,
      "pivotX": 0.5,
      "pivotY": 0.9
    },
    "Crouch-Walk_3": {
      "x": 106,
      "y": 2,
      "w": 48,
      "h": 48,
      "pivotX": 0.5,
      "pivotY": 0.9
    },
    "Crouch-Walk_4": {
      "x": 2,
      "y": 54,
      "w": 48,
      "h": 48,
      "pivotX": 0.5,
      "pivotY": 0.9
    },
    "Crouch-Walk_5": {
      "x": 54,
      "y": 54,
      "w": 48,
      "h": 48,
      "pivotX": 0.5,
      "pivotY": 0.9
    },
    "Crouch-Walk_6": {
      "x": 106,
      "y": 54,
      "w": 48,
      "h": 48,
      "pivotX": 0.5,
      "pivotY": 0.9
    },
    "Crouch-Walk_7": {
      "x": 2,
      "y": 106,
      "w": 48,
      "h": 48,
      "pivotX": 0.5,
      "pivotY": 0.9
    },
    "Crouch-Walk_8": {
      "x": 54,
      "y": 106,
      "w": 48,
      "h": 48,
      "pivotX": 0.5,
      "pivotY": 0.9
    },
    "Crouch-Walk_9": {
      "x": 106,
      "y": 106,
      "w": 48,
      "h": 48,
      "pivotX": 0.5,
      "pivotY": 0.9
    },
    "Crouch-Walk_10": {
      "x": 2,
      "y": 158,
      "w": 48,
      "h": 48,
      "pivotX": 0.5,
      "pivotY": 0.9
    }
  }
}