{
  "meta": {
    "image": "Roll_atlas.png",
    "size": {
      "w": 156,
      "h": 156
    },
    "tileSize": 48,
    "padding": 2,
    "type": "character",
    "animation": "Roll"
  },
  "frames": {
    "Roll_1": {
      "x": 2,
      "y": 2,
      "w": 48,
      "h": 48,
      "pivotX": 0.5,
      "pivotY": 0.9
    },
    "Roll_2": {
      "x": 54,
      "y": 2,
      "w": 48,
      "h": 48,
      "pivotX": 0.5,
      "pivotY": 0.9
    },
    "Roll_3": {
      "x": 106,
      "y": 2,
      "w": 48,
      "h": 48,
      "pivotX": 0.5,
      "pivotY": 0.9
    },
    "Roll_4": {
      "x": 2,
      "y": 54,
      "w": 48,
      "h": 48,
      "pivotX": 0.5,
      "pivotY": 0.9
    },
    "Roll_5": {
      "x": 54,
      "y": 54,
      "w": 48,
      "h": 48,
      "pivotX": 0.5,
      "pivotY": 0.9
    },
    "Roll_6": {
      "x": 106,
      "y": 54,
      "w": 48,
      "h": 48,
      "pivotX": 0.5,
      "pivotY": 0.9
    },
    "Roll_7": {
      "x": 2,
      "y": 106,
      "w": 48,
      "h": 48,
      "pivotX": 0.5,
      "pivotY": 0.9
    }
  }
}