{
  "meta": {
    "image": "desert-tileset.png",
    "size": {
      "w": 240,
      "h": 288
    },
    "tileSize": 16,
    "cols": 15,
    "rows": 18,
    "origin": [
      0,
      0
    ],
    "spacing": [
      0,
      0
    ],
    "note": "Frames reference the original sheet; preview is for visual indexing only."
  },
  "frames": {
    "cell-1-1": {
      "x": 0,
      "y": 0,
      "w": 16,
      "h": 16
    },
    "cell-2-1": {
      "x": 16,
      "y": 0,
      "w": 16,
      "h": 16
    },
    "cell-3-1": {
      "x": 32,
      "y": 0,
      "w": 16,
      "h": 16
    },
    "cell-4-1": {
      "x": 48,
      "y": 0,
      "w": 16,
      "h": 16
    },
    "cell-5-1": {
      "x": 64,
      "y": 0,
      "w": 16,
      "h": 16
    },
    "cell-6-1": {
      "x": 80,
      "y": 0,
      "w": 16,
      "h": 16
    },
    "cell-7-1": {
      "x": 96,
      "y": 0,
      "w": 16,
      "h": 16
    },
    "cell-8-1": {
      "x": 112,
      "y": 0,
      "w": 16,
      "h": 16
    },
    "cell-9-1": {
      "x": 128,
      "y": 0,
      "w": 16,
      "h": 16
    },
    "cell-10-1": {
      "x": 144,
      "y": 0,
      "w": 16,
      "h": 16
    },
    "cell-11-1": {
      "x": 160,
      "y": 0,
      "w": 16,
      "h": 16
    },
    "cell-12-1": {
      "x": 176,
      "y": 0,
      "w": 16,
      "h": 16
    },
    "cell-13-1": {
      "x": 192,
      "y": 0,
      "w": 16,
      "h": 16
    },
    "cell-14-1": {
      "x": 208,
      "y": 0,
      "w": 16,
      "h": 16
    },
    "cell-15-1": {
      "x": 224,
      "y": 0,
      "w": 16,
      "h": 16
    },
    "cell-1-2": {
      "x": 0,
      "y": 16,
      "w": 16,
      "h": 16
    },
    "cell-2-2": {
      "x": 16,
      "y": 16,
      "w": 16,
      "h": 16
    },
    "cell-3-2": {
      "x": 32,
      "y": 16,
      "w": 16,
      "h": 16
    },
    "cell-4-2": {
      "x": 48,
      "y": 16,
      "w": 16,
      "h": 16
    },
    "cell-5-2": {
      "x": 64,
      "y": 16,
      "w": 16,
      "h": 16
    },
    "cell-6-2": {
      "x": 80,
      "y": 16,
      "w": 16,
      "h": 16
    },
    "cell-7-2": {
      "x": 96,
      "y": 16,
      "w": 16,
      "h": 16
    },
    "cell-8-2": {
      "x": 112,
      "y": 16,
      "w": 16,
      "h": 16
    },
    "cell-9-2": {
      "x": 128,
      "y": 16,
      "w": 16,
      "h": 16
    },
    "cell-10-2": {
      "x": 144,
      "y": 16,
      "w": 16,
      "h": 16
    },
    "cell-11-2": {
      "x": 160,
      "y": 16,
      "w": 16,
      "h": 16
    },
    "cell-12-2": {
      "x": 176,
      "y": 16,
      "w": 16,
      "h": 16
    },
    "cell-13-2": {
      "x": 192,
      "y": 16,
      "w": 16,
      "h": 16
    },
    "cell-14-2": {
      "x": 208,
      "y": 16,
      "w": 16,
      "h": 16
    },
    "cell-15-2": {
      "x": 224,
      "y": 16,
      "w": 16,
      "h": 16
    },
    "cell-1-3": {
      "x": 0,
      "y": 32,
      "w": 16,
      "h": 16
    },
    "cell-2-3": {
      "x": 16,
      "y": 32,
      "w": 16,
      "h": 16
    },
    "cell-3-3": {
      "x": 32,
      "y": 32,
      "w": 16,
      "h": 16
    },
    "cell-4-3": {
      "x": 48,
      "y": 32,
      "w": 16,
      "h": 16
    },
    "cell-5-3": {
      "x": 64,
      "y": 32,
      "w": 16,
      "h": 16
    },
    "cell-6-3": {
      "x": 80,
      "y": 32,
      "w": 16,
      "h": 16
    },
    "cell-7-3": {
      "x": 96,
      "y": 32,
      "w": 16,
      "h": 16
    },
    "cell-8-3": {
      "x": 112,
      "y": 32,
      "w": 16,
      "h": 16
    },
    "cell-9-3": {
      "x": 128,
      "y": 32,
      "w": 16,
      "h": 16
    },
    "cell-10-3": {
      "x": 144,
      "y": 32,
      "w": 16,
      "h": 16
    },
    "cell-11-3": {
      "x": 160,
      "y": 32,
      "w": 16,
      "h": 16
    },
    "cell-12-3": {
      "x": 176,
      "y": 32,
      "w": 16,
      "h": 16
    },
    "cell-13-3": {
      "x": 192,
      "y": 32,
      "w": 16,
      "h": 16
    },
    "cell-14-3": {
      "x": 208,
      "y": 32,
      "w": 16,
      "h": 16
    },
    "cell-15-3": {
      "x": 224,
      "y": 32,
      "w": 16,
      "h": 16
    },
    "cell-1-4": {
      "x": 0,
      "y": 48,
      "w": 16,
      "h": 16
    },
    "cell-2-4": {
      "x": 16,
      "y": 48,
      "w": 16,
      "h": 16
    },
    "cell-3-4": {
      "x": 32,
      "y": 48,
      "w": 16,
      "h": 16
    },
    "cell-4-4": {
      "x": 48,
      "y": 48,
      "w": 16,
      "h": 16
    },
    "cell-5-4": {
      "x": 64,
      "y": 48,
      "w": 16,
      "h": 16
    },
    "cell-6-4": {
      "x": 80,
      "y": 48,
      "w": 16,
      "h": 16
    },
    "cell-7-4": {
      "x": 96,
      "y": 48,
      "w": 16,
      "h": 16
    },
    "cell-8-4": {
      "x": 112,
      "y": 48,
      "w": 16,
      "h": 16
    },
    "cell-9-4": {
      "x": 128,
      "y": 48,
      "w": 16,
      "h": 16
    },
    "cell-10-4": {
      "x": 144,
      "y": 48,
      "w": 16,
      "h": 16
    },
    "cell-11-4": {
      "x": 160,
      "y": 48,
      "w": 16,
      "h": 16
    },
    "cell-12-4": {
      "x": 176,
      "y": 48,
      "w": 16,
      "h": 16
    },
    "cell-13-4": {
      "x": 192,
      "y": 48,
      "w": 16,
      "h": 16
    },
    "cell-14-4": {
      "x": 208,
      "y": 48,
      "w": 16,
      "h": 16
    },
    "cell-15-4": {
      "x": 224,
      "y": 48,
      "w": 16,
      "h": 16
    },
    "cell-1-5": {
      "x": 0,
      "y": 64,
      "w": 16,
      "h": 16
    },
    "cell-2-5": {
      "x": 16,
      "y": 64,
      "w": 16,
      "h": 16
    },
    "cell-3-5": {
      "x": 32,
      "y": 64,
      "w": 16,
      "h": 16
    },
    "cell-4-5": {
      "x": 48,
      "y": 64,
      "w": 16,
      "h": 16
    },
    "cell-5-5": {
      "x": 64,
      "y": 64,
      "w": 16,
      "h": 16
    },
    "cell-6-5": {
      "x": 80,
      "y": 64,
      "w": 16,
      "h": 16
    },
    "cell-7-5": {
      "x": 96,
      "y": 64,
      "w": 16,
      "h": 16
    },
    "cell-8-5": {
      "x": 112,
      "y": 64,
      "w": 16,
      "h": 16
    },
    "cell-9-5": {
      "x": 128,
      "y": 64,
      "w": 16,
      "h": 16
    },
    "cell-10-5": {
      "x": 144,
      "y": 64,
      "w": 16,
      "h": 16
    },
    "cell-11-5": {
      "x": 160,
      "y": 64,
      "w": 16,
      "h": 16
    },
    "cell-12-5": {
      "x": 176,
      "y": 64,
      "w": 16,
      "h": 16
    },
    "cell-13-5": {
      "x": 192,
      "y": 64,
      "w": 16,
      "h": 16
    },
    "cell-14-5": {
      "x": 208,
      "y": 64,
      "w": 16,
      "h": 16
    },
    "cell-15-5": {
      "x": 224,
      "y": 64,
      "w": 16,
      "h": 16
    },
    "cell-1-6": {
      "x": 0,
      "y": 80,
      "w": 16,
      "h": 16
    },
    "cell-2-6": {
      "x": 16,
      "y": 80,
      "w": 16,
      "h": 16
    },
    "cell-3-6": {
      "x": 32,
      "y": 80,
      "w": 16,
      "h": 16
    },
    "cell-4-6": {
      "x": 48,
      "y": 80,
      "w": 16,
      "h": 16
    },
    "cell-5-6": {
      "x": 64,
      "y": 80,
      "w": 16,
      "h": 16
    },
    "cell-6-6": {
      "x": 80,
      "y": 80,
      "w": 16,
      "h": 16
    },
    "cell-7-6": {
      "x": 96,
      "y": 80,
      "w": 16,
      "h": 16
    },
    "cell-8-6": {
      "x": 112,
      "y": 80,
      "w": 16,
      "h": 16
    },
    "cell-9-6": {
      "x": 128,
      "y": 80,
      "w": 16,
      "h": 16
    },
    "cell-10-6": {
      "x": 144,
      "y": 80,
      "w": 16,
      "h": 16
    },
    "cell-11-6": {
      "x": 160,
      "y": 80,
      "w": 16,
      "h": 16
    },
    "cell-12-6": {
      "x": 176,
      "y": 80,
      "w": 16,
      "h": 16
    },
    "cell-13-6": {
      "x": 192,
      "y": 80,
      "w": 16,
      "h": 16
    },
    "cell-14-6": {
      "x": 208,
      "y": 80,
      "w": 16,
      "h": 16
    },
    "cell-15-6": {
      "x": 224,
      "y": 80,
      "w": 16,
      "h": 16
    },
    "cell-1-7": {
      "x": 0,
      "y": 96,
      "w": 16,
      "h": 16
    },
    "cell-2-7": {
      "x": 16,
      "y": 96,
      "w": 16,
      "h": 16
    },
    "cell-3-7": {
      "x": 32,
      "y": 96,
      "w": 16,
      "h": 16
    },
    "cell-4-7": {
      "x": 48,
      "y": 96,
      "w": 16,
      "h": 16
    },
    "cell-5-7": {
      "x": 64,
      "y": 96,
      "w": 16,
      "h": 16
    },
    "cell-6-7": {
      "x": 80,
      "y": 96,
      "w": 16,
      "h": 16
    },
    "cell-7-7": {
      "x": 96,
      "y": 96,
      "w": 16,
      "h": 16
    },
    "cell-8-7": {
      "x": 112,
      "y": 96,
      "w": 16,
      "h": 16
    },
    "cell-9-7": {
      "x": 128,
      "y": 96,
      "w": 16,
      "h": 16
    },
    "cell-10-7": {
      "x": 144,
      "y": 96,
      "w": 16,
      "h": 16
    },
    "cell-11-7": {
      "x": 160,
      "y": 96,
      "w": 16,
      "h": 16
    },
    "cell-12-7": {
      "x": 176,
      "y": 96,
      "w": 16,
      "h": 16
    },
    "cell-13-7": {
      "x": 192,
      "y": 96,
      "w": 16,
      "h": 16
    },
    "cell-14-7": {
      "x": 208,
      "y": 96,
      "w": 16,
      "h": 16
    },
    "cell-15-7": {
      "x": 224,
      "y": 96,
      "w": 16,
      "h": 16
    },
    "cell-1-8": {
      "x": 0,
      "y": 112,
      "w": 16,
      "h": 16
    },
    "cell-2-8": {
      "x": 16,
      "y": 112,
      "w": 16,
      "h": 16
    },
    "cell-3-8": {
      "x": 32,
      "y": 112,
      "w": 16,
      "h": 16
    },
    "cell-4-8": {
      "x": 48,
      "y": 112,
      "w": 16,
      "h": 16
    },
    "cell-5-8": {
      "x": 64,
      "y": 112,
      "w": 16,
      "h": 16
    },
    "cell-6-8": {
      "x": 80,
      "y": 112,
      "w": 16,
      "h": 16
    },
    "cell-7-8": {
      "x": 96,
      "y": 112,
      "w": 16,
      "h": 16
    },
    "cell-8-8": {
      "x": 112,
      "y": 112,
      "w": 16,
      "h": 16
    },
    "cell-9-8": {
      "x": 128,
      "y": 112,
      "w": 16,
      "h": 16
    },
    "cell-10-8": {
      "x": 144,
      "y": 112,
      "w": 16,
      "h": 16
    },
    "cell-11-8": {
      "x": 160,
      "y": 112,
      "w": 16,
      "h": 16
    },
    "cell-12-8": {
      "x": 176,
      "y": 112,
      "w": 16,
      "h": 16
    },
    "cell-13-8": {
      "x": 192,
      "y": 112,
      "w": 16,
      "h": 16
    },
    "cell-14-8": {
      "x": 208,
      "y": 112,
      "w": 16,
      "h": 16
    },
    "cell-15-8": {
      "x": 224,
      "y": 112,
      "w": 16,
      "h": 16
    },
    "cell-1-9": {
      "x": 0,
      "y": 128,
      "w": 16,
      "h": 16
    },
    "cell-2-9": {
      "x": 16,
      "y": 128,
      "w": 16,
      "h": 16
    },
    "cell-3-9": {
      "x": 32,
      "y": 128,
      "w": 16,
      "h": 16
    },
    "cell-4-9": {
      "x": 48,
      "y": 128,
      "w": 16,
      "h": 16
    },
    "cell-5-9": {
      "x": 64,
      "y": 128,
      "w": 16,
      "h": 16
    },
    "cell-6-9": {
      "x": 80,
      "y": 128,
      "w": 16,
      "h": 16
    },
    "cell-7-9": {
      "x": 96,
      "y": 128,
      "w": 16,
      "h": 16
    },
    "cell-8-9": {
      "x": 112,
      "y": 128,
      "w": 16,
      "h": 16
    },
    "cell-9-9": {
      "x": 128,
      "y": 128,
      "w": 16,
      "h": 16
    },
    "cell-10-9": {
      "x": 144,
      "y": 128,
      "w": 16,
      "h": 16
    },
    "cell-11-9": {
      "x": 160,
      "y": 128,
      "w": 16,
      "h": 16
    },
    "cell-12-9": {
      "x": 176,
      "y": 128,
      "w": 16,
      "h": 16
    },
    "cell-13-9": {
      "x": 192,
      "y": 128,
      "w": 16,
      "h": 16
    },
    "cell-14-9": {
      "x": 208,
      "y": 128,
      "w": 16,
      "h": 16
    },
    "cell-15-9": {
      "x": 224,
      "y": 128,
      "w": 16,
      "h": 16
    },
    "cell-1-10": {
      "x": 0,
      "y": 144,
      "w": 16,
      "h": 16
    },
    "cell-2-10": {
      "x": 16,
      "y": 144,
      "w": 16,
      "h": 16
    },
    "cell-3-10": {
      "x": 32,
      "y": 144,
      "w": 16,
      "h": 16
    },
    "cell-4-10": {
      "x": 48,
      "y": 144,
      "w": 16,
      "h": 16
    },
    "cell-5-10": {
      "x": 64,
      "y": 144,
      "w": 16,
      "h": 16
    },
    "cell-6-10": {
      "x": 80,
      "y": 144,
      "w": 16,
      "h": 16
    },
    "cell-7-10": {
      "x": 96,
      "y": 144,
      "w": 16,
      "h": 16
    },
    "cell-8-10": {
      "x": 112,
      "y": 144,
      "w": 16,
      "h": 16
    },
    "cell-9-10": {
      "x": 128,
      "y": 144,
      "w": 16,
      "h": 16
    },
    "cell-10-10": {
      "x": 144,
      "y": 144,
      "w": 16,
      "h": 16
    },
    "cell-11-10": {
      "x": 160,
      "y": 144,
      "w": 16,
      "h": 16
    },
    "cell-12-10": {
      "x": 176,
      "y": 144,
      "w": 16,
      "h": 16
    },
    "cell-13-10": {
      "x": 192,
      "y": 144,
      "w": 16,
      "h": 16
    },
    "cell-14-10": {
      "x": 208,
      "y": 144,
      "w": 16,
      "h": 16
    },
    "cell-15-10": {
      "x": 224,
      "y": 144,
      "w": 16,
      "h": 16
    },
    "cell-1-11": {
      "x": 0,
      "y": 160,
      "w": 16,
      "h": 16
    },
    "cell-2-11": {
      "x": 16,
      "y": 160,
      "w": 16,
      "h": 16
    },
    "cell-3-11": {
      "x": 32,
      "y": 160,
      "w": 16,
      "h": 16
    },
    "cell-4-11": {
      "x": 48,
      "y": 160,
      "w": 16,
      "h": 16
    },
    "cell-5-11": {
      "x": 64,
      "y": 160,
      "w": 16,
      "h": 16
    },
    "cell-6-11": {
      "x": 80,
      "y": 160,
      "w": 16,
      "h": 16
    },
    "cell-7-11": {
      "x": 96,
      "y": 160,
      "w": 16,
      "h": 16
    },
    "cell-8-11": {
      "x": 112,
      "y": 160,
      "w": 16,
      "h": 16
    },
    "cell-9-11": {
      "x": 128,
      "y": 160,
      "w": 16,
      "h": 16
    },
    "cell-10-11": {
      "x": 144,
      "y": 160,
      "w": 16,
      "h": 16
    },
    "cell-11-11": {
      "x": 160,
      "y": 160,
      "w": 16,
      "h": 16
    },
    "cell-12-11": {
      "x": 176,
      "y": 160,
      "w": 16,
      "h": 16
    },
    "cell-13-11": {
      "x": 192,
      "y": 160,
      "w": 16,
      "h": 16
    },
    "cell-14-11": {
      "x": 208,
      "y": 160,
      "w": 16,
      "h": 16
    },
    "cell-15-11": {
      "x": 224,
      "y": 160,
      "w": 16,
      "h": 16
    },
    "cell-1-12": {
      "x": 0,
      "y": 176,
      "w": 16,
      "h": 16
    },
    "cell-2-12": {
      "x": 16,
      "y": 176,
      "w": 16,
      "h": 16
    },
    "cell-3-12": {
      "x": 32,
      "y": 176,
      "w": 16,
      "h": 16
    },
    "cell-4-12": {
      "x": 48,
      "y": 176,
      "w": 16,
      "h": 16
    },
    "cell-5-12": {
      "x": 64,
      "y": 176,
      "w": 16,
      "h": 16
    },
    "cell-6-12": {
      "x": 80,
      "y": 176,
      "w": 16,
      "h": 16
    },
    "cell-7-12": {
      "x": 96,
      "y": 176,
      "w": 16,
      "h": 16
    },
    "cell-8-12": {
      "x": 112,
      "y": 176,
      "w": 16,
      "h": 16
    },
    "cell-9-12": {
      "x": 128,
      "y": 176,
      "w": 16,
      "h": 16
    },
    "cell-10-12": {
      "x": 144,
      "y": 176,
      "w": 16,
      "h": 16
    },
    "cell-11-12": {
      "x": 160,
      "y": 176,
      "w": 16,
      "h": 16
    },
    "cell-12-12": {
      "x": 176,
      "y": 176,
      "w": 16,
      "h": 16
    },
    "cell-13-12": {
      "x": 192,
      "y": 176,
      "w": 16,
      "h": 16
    },
    "cell-14-12": {
      "x": 208,
      "y": 176,
      "w": 16,
      "h": 16
    },
    "cell-15-12": {
      "x": 224,
      "y": 176,
      "w": 16,
      "h": 16
    },
    "cell-1-13": {
      "x": 0,
      "y": 192,
      "w": 16,
      "h": 16
    },
    "cell-2-13": {
      "x": 16,
      "y": 192,
      "w": 16,
      "h": 16
    },
    "cell-3-13": {
      "x": 32,
      "y": 192,
      "w": 16,
      "h": 16
    },
    "cell-4-13": {
      "x": 48,
      "y": 192,
      "w": 16,
      "h": 16
    },
    "cell-5-13": {
      "x": 64,
      "y": 192,
      "w": 16,
      "h": 16
    },
    "cell-6-13": {
      "x": 80,
      "y": 192,
      "w": 16,
      "h": 16
    },
    "cell-7-13": {
      "x": 96,
      "y": 192,
      "w": 16,
      "h": 16
    },
    "cell-8-13": {
      "x": 112,
      "y": 192,
      "w": 16,
      "h": 16
    },
    "cell-9-13": {
      "x": 128,
      "y": 192,
      "w": 16,
      "h": 16
    },
    "cell-10-13": {
      "x": 144,
      "y": 192,
      "w": 16,
      "h": 16
    },
    "cell-11-13": {
      "x": 160,
      "y": 192,
      "w": 16,
      "h": 16
    },
    "cell-12-13": {
      "x": 176,
      "y": 192,
      "w": 16,
      "h": 16
    },
    "cell-13-13": {
      "x": 192,
      "y": 192,
      "w": 16,
      "h": 16
    },
    "cell-14-13": {
      "x": 208,
      "y": 192,
      "w": 16,
      "h": 16
    },
    "cell-15-13": {
      "x": 224,
      "y": 192,
      "w": 16,
      "h": 16
    },
    "cell-1-14": {
      "x": 0,
      "y": 208,
      "w": 16,
      "h": 16
    },
    "cell-2-14": {
      "x": 16,
      "y": 208,
      "w": 16,
      "h": 16
    },
    "cell-3-14": {
      "x": 32,
      "y": 208,
      "w": 16,
      "h": 16
    },
    "cell-4-14": {
      "x": 48,
      "y": 208,
      "w": 16,
      "h": 16
    },
    "cell-5-14": {
      "x": 64,
      "y": 208,
      "w": 16,
      "h": 16
    },
    "cell-6-14": {
      "x": 80,
      "y": 208,
      "w": 16,
      "h": 16
    },
    "cell-7-14": {
      "x": 96,
      "y": 208,
      "w": 16,
      "h": 16
    },
    "cell-8-14": {
      "x": 112,
      "y": 208,
      "w": 16,
      "h": 16
    },
    "cell-9-14": {
      "x": 128,
      "y": 208,
      "w": 16,
      "h": 16
    },
    "cell-10-14": {
      "x": 144,
      "y": 208,
      "w": 16,
      "h": 16
    },
    "cell-11-14": {
      "x": 160,
      "y": 208,
      "w": 16,
      "h": 16
    },
    "cell-12-14": {
      "x": 176,
      "y": 208,
      "w": 16,
      "h": 16
    },
    "cell-13-14": {
      "x": 192,
      "y": 208,
      "w": 16,
      "h": 16
    },
    "cell-14-14": {
      "x": 208,
      "y": 208,
      "w": 16,
      "h": 16
    },
    "cell-15-14": {
      "x": 224,
      "y": 208,
      "w": 16,
      "h": 16
    },
    "cell-1-15": {
      "x": 0,
      "y": 224,
      "w": 16,
      "h": 16
    },
    "cell-2-15": {
      "x": 16,
      "y": 224,
      "w": 16,
      "h": 16
    },
    "cell-3-15": {
      "x": 32,
      "y": 224,
      "w": 16,
      "h": 16
    },
    "cell-4-15": {
      "x": 48,
      "y": 224,
      "w": 16,
      "h": 16
    },
    "cell-5-15": {
      "x": 64,
      "y": 224,
      "w": 16,
      "h": 16
    },
    "cell-6-15": {
      "x": 80,
      "y": 224,
      "w": 16,
      "h": 16
    },
    "cell-7-15": {
      "x": 96,
      "y": 224,
      "w": 16,
      "h": 16
    },
    "cell-8-15": {
      "x": 112,
      "y": 224,
      "w": 16,
      "h": 16
    },
    "cell-9-15": {
      "x": 128,
      "y": 224,
      "w": 16,
      "h": 16
    },
    "cell-10-15": {
      "x": 144,
      "y": 224,
      "w": 16,
      "h": 16
    },
    "cell-11-15": {
      "x": 160,
      "y": 224,
      "w": 16,
      "h": 16
    },
    "cell-12-15": {
      "x": 176,
      "y": 224,
      "w": 16,
      "h": 16
    },
    "cell-13-15": {
      "x": 192,
      "y": 224,
      "w": 16,
      "h": 16
    },
    "cell-14-15": {
      "x": 208,
      "y": 224,
      "w": 16,
      "h": 16
    },
    "cell-15-15": {
      "x": 224,
      "y": 224,
      "w": 16,
      "h": 16
    },
    "cell-1-16": {
      "x": 0,
      "y": 240,
      "w": 16,
      "h": 16
    },
    "cell-2-16": {
      "x": 16,
      "y": 240,
      "w": 16,
      "h": 16
    },
    "cell-3-16": {
      "x": 32,
      "y": 240,
      "w": 16,
      "h": 16
    },
    "cell-4-16": {
      "x": 48,
      "y": 240,
      "w": 16,
      "h": 16
    },
    "cell-5-16": {
      "x": 64,
      "y": 240,
      "w": 16,
      "h": 16
    },
    "cell-6-16": {
      "x": 80,
      "y": 240,
      "w": 16,
      "h": 16
    },
    "cell-7-16": {
      "x": 96,
      "y": 240,
      "w": 16,
      "h": 16
    },
    "cell-8-16": {
      "x": 112,
      "y": 240,
      "w": 16,
      "h": 16
    },
    "cell-9-16": {
      "x": 128,
      "y": 240,
      "w": 16,
      "h": 16
    },
    "cell-10-16": {
      "x": 144,
      "y": 240,
      "w": 16,
      "h": 16
    },
    "cell-11-16": {
      "x": 160,
      "y": 240,
      "w": 16,
      "h": 16
    },
    "cell-12-16": {
      "x": 176,
      "y": 240,
      "w": 16,
      "h": 16
    },
    "cell-13-16": {
      "x": 192,
      "y": 240,
      "w": 16,
      "h": 16
    },
    "cell-14-16": {
      "x": 208,
      "y": 240,
      "w": 16,
      "h": 16
    },
    "cell-15-16": {
      "x": 224,
      "y": 240,
      "w": 16,
      "h": 16
    },
    "cell-1-17": {
      "x": 0,
      "y": 256,
      "w": 16,
      "h": 16
    },
    "cell-2-17": {
      "x": 16,
      "y": 256,
      "w": 16,
      "h": 16
    },
    "cell-3-17": {
      "x": 32,
      "y": 256,
      "w": 16,
      "h": 16
    },
    "cell-4-17": {
      "x": 48,
      "y": 256,
      "w": 16,
      "h": 16
    },
    "cell-5-17": {
      "x": 64,
      "y": 256,
      "w": 16,
      "h": 16
    },
    "cell-6-17": {
      "x": 80,
      "y": 256,
      "w": 16,
      "h": 16
    },
    "cell-7-17": {
      "x": 96,
      "y": 256,
      "w": 16,
      "h": 16
    },
    "cell-8-17": {
      "x": 112,
      "y": 256,
      "w": 16,
      "h": 16
    },
    "cell-9-17": {
      "x": 128,
      "y": 256,
      "w": 16,
      "h": 16
    },
    "cell-10-17": {
      "x": 144,
      "y": 256,
      "w": 16,
      "h": 16
    },
    "cell-11-17": {
      "x": 160,
      "y": 256,
      "w": 16,
      "h": 16
    },
    "cell-12-17": {
      "x": 176,
      "y": 256,
      "w": 16,
      "h": 16
    },
    "cell-13-17": {
      "x": 192,
      "y": 256,
      "w": 16,
      "h": 16
    },
    "cell-14-17": {
      "x": 208,
      "y": 256,
      "w": 16,
      "h": 16
    },
    "cell-15-17": {
      "x": 224,
      "y": 256,
      "w": 16,
      "h": 16
    },
    "cell-1-18": {
      "x": 0,
      "y": 272,
      "w": 16,
      "h": 16
    },
    "cell-2-18": {
      "x": 16,
      "y": 272,
      "w": 16,
      "h": 16
    },
    "cell-3-18": {
      "x": 32,
      "y": 272,
      "w": 16,
      "h": 16
    },
    "cell-4-18": {
      "x": 48,
      "y": 272,
      "w": 16,
      "h": 16
    },
    "cell-5-18": {
      "x": 64,
      "y": 272,
      "w": 16,
      "h": 16
    },
    "cell-6-18": {
      "x": 80,
      "y": 272,
      "w": 16,
      "h": 16
    },
    "cell-7-18": {
      "x": 96,
      "y": 272,
      "w": 16,
      "h": 16
    },
    "cell-8-18": {
      "x": 112,
      "y": 272,
      "w": 16,
      "h": 16
    },
    "cell-9-18": {
      "x": 128,
      "y": 272,
      "w": 16,
      "h": 16
    },
    "cell-10-18": {
      "x": 144,
      "y": 272,
      "w": 16,
      "h": 16
    },
    "cell-11-18": {
      "x": 160,
      "y": 272,
      "w": 16,
      "h": 16
    },
    "cell-12-18": {
      "x": 176,
      "y": 272,
      "w": 16,
      "h": 16
    },
    "cell-13-18": {
      "x": 192,
      "y": 272,
      "w": 16,
      "h": 16
    },
    "cell-14-18": {
      "x": 208,
      "y": 272,
      "w": 16,
      "h": 16
    },
    "cell-15-18": {
      "x": 224,
      "y": 272,
      "w": 16,
      "h": 16
    }
  }
}