{
  "meta": {
    "image": "dungeon-tileset.png",
    "size": {
      "w": 480,
      "h": 240
    },
    "tileSize": 16,
    "cols": 30,
    "rows": 15,
    "origin": [
      0,
      0
    ],
    "spacing": [
      0,
      0
    ],
    "note": "Frames reference the original sheet; preview is for visual indexing only."
  },
  "frames": {
    "cell-1-1": {
      "x": 0,
      "y": 0,
      "w": 16,
      "h": 16
    },
    "cell-2-1": {
      "x": 16,
      "y": 0,
      "w": 16,
      "h": 16
    },
    "cell-3-1": {
      "x": 32,
      "y": 0,
      "w": 16,
      "h": 16
    },
    "cell-4-1": {
      "x": 48,
      "y": 0,
      "w": 16,
      "h": 16
    },
    "cell-5-1": {
      "x": 64,
      "y": 0,
      "w": 16,
      "h": 16
    },
    "cell-6-1": {
      "x": 80,
      "y": 0,
      "w": 16,
      "h": 16
    },
    "cell-7-1": {
      "x": 96,
      "y": 0,
      "w": 16,
      "h": 16
    },
    "cell-8-1": {
      "x": 112,
      "y": 0,
      "w": 16,
      "h": 16
    },
    "cell-9-1": {
      "x": 128,
      "y": 0,
      "w": 16,
      "h": 16
    },
    "cell-10-1": {
      "x": 144,
      "y": 0,
      "w": 16,
      "h": 16
    },
    "cell-11-1": {
      "x": 160,
      "y": 0,
      "w": 16,
      "h": 16
    },
    "cell-12-1": {
      "x": 176,
      "y": 0,
      "w": 16,
      "h": 16
    },
    "cell-13-1": {
      "x": 192,
      "y": 0,
      "w": 16,
      "h": 16
    },
    "cell-14-1": {
      "x": 208,
      "y": 0,
      "w": 16,
      "h": 16
    },
    "cell-15-1": {
      "x": 224,
      "y": 0,
      "w": 16,
      "h": 16
    },
    "cell-16-1": {
      "x": 240,
      "y": 0,
      "w": 16,
      "h": 16
    },
    "cell-17-1": {
      "x": 256,
      "y": 0,
      "w": 16,
      "h": 16
    },
    "cell-18-1": {
      "x": 272,
      "y": 0,
      "w": 16,
      "h": 16
    },
    "cell-19-1": {
      "x": 288,
      "y": 0,
      "w": 16,
      "h": 16
    },
    "cell-20-1": {
      "x": 304,
      "y": 0,
      "w": 16,
      "h": 16
    },
    "cell-21-1": {
      "x": 320,
      "y": 0,
      "w": 16,
      "h": 16
    },
    "cell-22-1": {
      "x": 336,
      "y": 0,
      "w": 16,
      "h": 16
    },
    "cell-23-1": {
      "x": 352,
      "y": 0,
      "w": 16,
      "h": 16
    },
    "cell-24-1": {
      "x": 368,
      "y": 0,
      "w": 16,
      "h": 16
    },
    "cell-25-1": {
      "x": 384,
      "y": 0,
      "w": 16,
      "h": 16
    },
    "cell-26-1": {
      "x": 400,
      "y": 0,
      "w": 16,
      "h": 16
    },
    "cell-27-1": {
      "x": 416,
      "y": 0,
      "w": 16,
      "h": 16
    },
    "cell-28-1": {
      "x": 432,
      "y": 0,
      "w": 16,
      "h": 16
    },
    "cell-29-1": {
      "x": 448,
      "y": 0,
      "w": 16,
      "h": 16
    },
    "cell-30-1": {
      "x": 464,
      "y": 0,
      "w": 16,
      "h": 16
    },
    "cell-1-2": {
      "x": 0,
      "y": 16,
      "w": 16,
      "h": 16
    },
    "cell-2-2": {
      "x": 16,
      "y": 16,
      "w": 16,
      "h": 16
    },
    "cell-3-2": {
      "x": 32,
      "y": 16,
      "w": 16,
      "h": 16
    },
    "cell-4-2": {
      "x": 48,
      "y": 16,
      "w": 16,
      "h": 16
    },
    "cell-5-2": {
      "x": 64,
      "y": 16,
      "w": 16,
      "h": 16
    },
    "cell-6-2": {
      "x": 80,
      "y": 16,
      "w": 16,
      "h": 16
    },
    "cell-7-2": {
      "x": 96,
      "y": 16,
      "w": 16,
      "h": 16
    },
    "cell-8-2": {
      "x": 112,
      "y": 16,
      "w": 16,
      "h": 16
    },
    "cell-9-2": {
      "x": 128,
      "y": 16,
      "w": 16,
      "h": 16
    },
    "cell-10-2": {
      "x": 144,
      "y": 16,
      "w": 16,
      "h": 16
    },
    "cell-11-2": {
      "x": 160,
      "y": 16,
      "w": 16,
      "h": 16
    },
    "cell-12-2": {
      "x": 176,
      "y": 16,
      "w": 16,
      "h": 16
    },
    "cell-13-2": {
      "x": 192,
      "y": 16,
      "w": 16,
      "h": 16
    },
    "cell-14-2": {
      "x": 208,
      "y": 16,
      "w": 16,
      "h": 16
    },
    "cell-15-2": {
      "x": 224,
      "y": 16,
      "w": 16,
      "h": 16
    },
    "cell-16-2": {
      "x": 240,
      "y": 16,
      "w": 16,
      "h": 16
    },
    "cell-17-2": {
      "x": 256,
      "y": 16,
      "w": 16,
      "h": 16
    },
    "cell-18-2": {
      "x": 272,
      "y": 16,
      "w": 16,
      "h": 16
    },
    "cell-19-2": {
      "x": 288,
      "y": 16,
      "w": 16,
      "h": 16
    },
    "cell-20-2": {
      "x": 304,
      "y": 16,
      "w": 16,
      "h": 16
    },
    "cell-21-2": {
      "x": 320,
      "y": 16,
      "w": 16,
      "h": 16
    },
    "cell-22-2": {
      "x": 336,
      "y": 16,
      "w": 16,
      "h": 16
    },
    "cell-23-2": {
      "x": 352,
      "y": 16,
      "w": 16,
      "h": 16
    },
    "cell-24-2": {
      "x": 368,
      "y": 16,
      "w": 16,
      "h": 16
    },
    "cell-25-2": {
      "x": 384,
      "y": 16,
      "w": 16,
      "h": 16
    },
    "cell-26-2": {
      "x": 400,
      "y": 16,
      "w": 16,
      "h": 16
    },
    "cell-27-2": {
      "x": 416,
      "y": 16,
      "w": 16,
      "h": 16
    },
    "cell-28-2": {
      "x": 432,
      "y": 16,
      "w": 16,
      "h": 16
    },
    "cell-29-2": {
      "x": 448,
      "y": 16,
      "w": 16,
      "h": 16
    },
    "cell-30-2": {
      "x": 464,
      "y": 16,
      "w": 16,
      "h": 16
    },
    "cell-1-3": {
      "x": 0,
      "y": 32,
      "w": 16,
      "h": 16
    },
    "cell-2-3": {
      "x": 16,
      "y": 32,
      "w": 16,
      "h": 16
    },
    "cell-3-3": {
      "x": 32,
      "y": 32,
      "w": 16,
      "h": 16
    },
    "cell-4-3": {
      "x": 48,
      "y": 32,
      "w": 16,
      "h": 16
    },
    "cell-5-3": {
      "x": 64,
      "y": 32,
      "w": 16,
      "h": 16
    },
    "cell-6-3": {
      "x": 80,
      "y": 32,
      "w": 16,
      "h": 16
    },
    "cell-7-3": {
      "x": 96,
      "y": 32,
      "w": 16,
      "h": 16
    },
    "cell-8-3": {
      "x": 112,
      "y": 32,
      "w": 16,
      "h": 16
    },
    "cell-9-3": {
      "x": 128,
      "y": 32,
      "w": 16,
      "h": 16
    },
    "cell-10-3": {
      "x": 144,
      "y": 32,
      "w": 16,
      "h": 16
    },
    "cell-11-3": {
      "x": 160,
      "y": 32,
      "w": 16,
      "h": 16
    },
    "cell-12-3": {
      "x": 176,
      "y": 32,
      "w": 16,
      "h": 16
    },
    "cell-13-3": {
      "x": 192,
      "y": 32,
      "w": 16,
      "h": 16
    },
    "cell-14-3": {
      "x": 208,
      "y": 32,
      "w": 16,
      "h": 16
    },
    "cell-15-3": {
      "x": 224,
      "y": 32,
      "w": 16,
      "h": 16
    },
    "cell-16-3": {
      "x": 240,
      "y": 32,
      "w": 16,
      "h": 16
    },
    "cell-17-3": {
      "x": 256,
      "y": 32,
      "w": 16,
      "h": 16
    },
    "cell-18-3": {
      "x": 272,
      "y": 32,
      "w": 16,
      "h": 16
    },
    "cell-19-3": {
      "x": 288,
      "y": 32,
      "w": 16,
      "h": 16
    },
    "cell-20-3": {
      "x": 304,
      "y": 32,
      "w": 16,
      "h": 16
    },
    "cell-21-3": {
      "x": 320,
      "y": 32,
      "w": 16,
      "h": 16
    },
    "cell-22-3": {
      "x": 336,
      "y": 32,
      "w": 16,
      "h": 16
    },
    "cell-23-3": {
      "x": 352,
      "y": 32,
      "w": 16,
      "h": 16
    },
    "cell-24-3": {
      "x": 368,
      "y": 32,
      "w": 16,
      "h": 16
    },
    "cell-25-3": {
      "x": 384,
      "y": 32,
      "w": 16,
      "h": 16
    },
    "cell-26-3": {
      "x": 400,
      "y": 32,
      "w": 16,
      "h": 16
    },
    "cell-27-3": {
      "x": 416,
      "y": 32,
      "w": 16,
      "h": 16
    },
    "cell-28-3": {
      "x": 432,
      "y": 32,
      "w": 16,
      "h": 16
    },
    "cell-29-3": {
      "x": 448,
      "y": 32,
      "w": 16,
      "h": 16
    },
    "cell-30-3": {
      "x": 464,
      "y": 32,
      "w": 16,
      "h": 16
    },
    "cell-1-4": {
      "x": 0,
      "y": 48,
      "w": 16,
      "h": 16
    },
    "cell-2-4": {
      "x": 16,
      "y": 48,
      "w": 16,
      "h": 16
    },
    "cell-3-4": {
      "x": 32,
      "y": 48,
      "w": 16,
      "h": 16
    },
    "cell-4-4": {
      "x": 48,
      "y": 48,
      "w": 16,
      "h": 16
    },
    "cell-5-4": {
      "x": 64,
      "y": 48,
      "w": 16,
      "h": 16
    },
    "cell-6-4": {
      "x": 80,
      "y": 48,
      "w": 16,
      "h": 16
    },
    "cell-7-4": {
      "x": 96,
      "y": 48,
      "w": 16,
      "h": 16
    },
    "cell-8-4": {
      "x": 112,
      "y": 48,
      "w": 16,
      "h": 16
    },
    "cell-9-4": {
      "x": 128,
      "y": 48,
      "w": 16,
      "h": 16
    },
    "cell-10-4": {
      "x": 144,
      "y": 48,
      "w": 16,
      "h": 16
    },
    "cell-11-4": {
      "x": 160,
      "y": 48,
      "w": 16,
      "h": 16
    },
    "cell-12-4": {
      "x": 176,
      "y": 48,
      "w": 16,
      "h": 16
    },
    "cell-13-4": {
      "x": 192,
      "y": 48,
      "w": 16,
      "h": 16
    },
    "cell-14-4": {
      "x": 208,
      "y": 48,
      "w": 16,
      "h": 16
    },
    "cell-15-4": {
      "x": 224,
      "y": 48,
      "w": 16,
      "h": 16
    },
    "cell-16-4": {
      "x": 240,
      "y": 48,
      "w": 16,
      "h": 16
    },
    "cell-17-4": {
      "x": 256,
      "y": 48,
      "w": 16,
      "h": 16
    },
    "cell-18-4": {
      "x": 272,
      "y": 48,
      "w": 16,
      "h": 16
    },
    "cell-19-4": {
      "x": 288,
      "y": 48,
      "w": 16,
      "h": 16
    },
    "cell-20-4": {
      "x": 304,
      "y": 48,
      "w": 16,
      "h": 16
    },
    "cell-21-4": {
      "x": 320,
      "y": 48,
      "w": 16,
      "h": 16
    },
    "cell-22-4": {
      "x": 336,
      "y": 48,
      "w": 16,
      "h": 16
    },
    "cell-23-4": {
      "x": 352,
      "y": 48,
      "w": 16,
      "h": 16
    },
    "cell-24-4": {
      "x": 368,
      "y": 48,
      "w": 16,
      "h": 16
    },
    "cell-25-4": {
      "x": 384,
      "y": 48,
      "w": 16,
      "h": 16
    },
    "cell-26-4": {
      "x": 400,
      "y": 48,
      "w": 16,
      "h": 16
    },
    "cell-27-4": {
      "x": 416,
      "y": 48,
      "w": 16,
      "h": 16
    },
    "cell-28-4": {
      "x": 432,
      "y": 48,
      "w": 16,
      "h": 16
    },
    "cell-29-4": {
      "x": 448,
      "y": 48,
      "w": 16,
      "h": 16
    },
    "cell-30-4": {
      "x": 464,
      "y": 48,
      "w": 16,
      "h": 16
    },
    "cell-1-5": {
      "x": 0,
      "y": 64,
      "w": 16,
      "h": 16
    },
    "cell-2-5": {
      "x": 16,
      "y": 64,
      "w": 16,
      "h": 16
    },
    "cell-3-5": {
      "x": 32,
      "y": 64,
      "w": 16,
      "h": 16
    },
    "cell-4-5": {
      "x": 48,
      "y": 64,
      "w": 16,
      "h": 16
    },
    "cell-5-5": {
      "x": 64,
      "y": 64,
      "w": 16,
      "h": 16
    },
    "cell-6-5": {
      "x": 80,
      "y": 64,
      "w": 16,
      "h": 16
    },
    "cell-7-5": {
      "x": 96,
      "y": 64,
      "w": 16,
      "h": 16
    },
    "cell-8-5": {
      "x": 112,
      "y": 64,
      "w": 16,
      "h": 16
    },
    "cell-9-5": {
      "x": 128,
      "y": 64,
      "w": 16,
      "h": 16
    },
    "cell-10-5": {
      "x": 144,
      "y": 64,
      "w": 16,
      "h": 16
    },
    "cell-11-5": {
      "x": 160,
      "y": 64,
      "w": 16,
      "h": 16
    },
    "cell-12-5": {
      "x": 176,
      "y": 64,
      "w": 16,
      "h": 16
    },
    "cell-13-5": {
      "x": 192,
      "y": 64,
      "w": 16,
      "h": 16
    },
    "cell-14-5": {
      "x": 208,
      "y": 64,
      "w": 16,
      "h": 16
    },
    "cell-15-5": {
      "x": 224,
      "y": 64,
      "w": 16,
      "h": 16
    },
    "cell-16-5": {
      "x": 240,
      "y": 64,
      "w": 16,
      "h": 16
    },
    "cell-17-5": {
      "x": 256,
      "y": 64,
      "w": 16,
      "h": 16
    },
    "cell-18-5": {
      "x": 272,
      "y": 64,
      "w": 16,
      "h": 16
    },
    "cell-19-5": {
      "x": 288,
      "y": 64,
      "w": 16,
      "h": 16
    },
    "cell-20-5": {
      "x": 304,
      "y": 64,
      "w": 16,
      "h": 16
    },
    "cell-21-5": {
      "x": 320,
      "y": 64,
      "w": 16,
      "h": 16
    },
    "cell-22-5": {
      "x": 336,
      "y": 64,
      "w": 16,
      "h": 16
    },
    "cell-23-5": {
      "x": 352,
      "y": 64,
      "w": 16,
      "h": 16
    },
    "cell-24-5": {
      "x": 368,
      "y": 64,
      "w": 16,
      "h": 16
    },
    "cell-25-5": {
      "x": 384,
      "y": 64,
      "w": 16,
      "h": 16
    },
    "cell-26-5": {
      "x": 400,
      "y": 64,
      "w": 16,
      "h": 16
    },
    "cell-27-5": {
      "x": 416,
      "y": 64,
      "w": 16,
      "h": 16
    },
    "cell-28-5": {
      "x": 432,
      "y": 64,
      "w": 16,
      "h": 16
    },
    "cell-29-5": {
      "x": 448,
      "y": 64,
      "w": 16,
      "h": 16
    },
    "cell-30-5": {
      "x": 464,
      "y": 64,
      "w": 16,
      "h": 16
    },
    "cell-1-6": {
      "x": 0,
      "y": 80,
      "w": 16,
      "h": 16
    },
    "cell-2-6": {
      "x": 16,
      "y": 80,
      "w": 16,
      "h": 16
    },
    "cell-3-6": {
      "x": 32,
      "y": 80,
      "w": 16,
      "h": 16
    },
    "cell-4-6": {
      "x": 48,
      "y": 80,
      "w": 16,
      "h": 16
    },
    "cell-5-6": {
      "x": 64,
      "y": 80,
      "w": 16,
      "h": 16
    },
    "cell-6-6": {
      "x": 80,
      "y": 80,
      "w": 16,
      "h": 16
    },
    "cell-7-6": {
      "x": 96,
      "y": 80,
      "w": 16,
      "h": 16
    },
    "cell-8-6": {
      "x": 112,
      "y": 80,
      "w": 16,
      "h": 16
    },
    "cell-9-6": {
      "x": 128,
      "y": 80,
      "w": 16,
      "h": 16
    },
    "cell-10-6": {
      "x": 144,
      "y": 80,
      "w": 16,
      "h": 16
    },
    "cell-11-6": {
      "x": 160,
      "y": 80,
      "w": 16,
      "h": 16
    },
    "cell-12-6": {
      "x": 176,
      "y": 80,
      "w": 16,
      "h": 16
    },
    "cell-13-6": {
      "x": 192,
      "y": 80,
      "w": 16,
      "h": 16
    },
    "cell-14-6": {
      "x": 208,
      "y": 80,
      "w": 16,
      "h": 16
    },
    "cell-15-6": {
      "x": 224,
      "y": 80,
      "w": 16,
      "h": 16
    },
    "cell-16-6": {
      "x": 240,
      "y": 80,
      "w": 16,
      "h": 16
    },
    "cell-17-6": {
      "x": 256,
      "y": 80,
      "w": 16,
      "h": 16
    },
    "cell-18-6": {
      "x": 272,
      "y": 80,
      "w": 16,
      "h": 16
    },
    "cell-19-6": {
      "x": 288,
      "y": 80,
      "w": 16,
      "h": 16
    },
    "cell-20-6": {
      "x": 304,
      "y": 80,
      "w": 16,
      "h": 16
    },
    "cell-21-6": {
      "x": 320,
      "y": 80,
      "w": 16,
      "h": 16
    },
    "cell-22-6": {
      "x": 336,
      "y": 80,
      "w": 16,
      "h": 16
    },
    "cell-23-6": {
      "x": 352,
      "y": 80,
      "w": 16,
      "h": 16
    },
    "cell-24-6": {
      "x": 368,
      "y": 80,
      "w": 16,
      "h": 16
    },
    "cell-25-6": {
      "x": 384,
      "y": 80,
      "w": 16,
      "h": 16
    },
    "cell-26-6": {
      "x": 400,
      "y": 80,
      "w": 16,
      "h": 16
    },
    "cell-27-6": {
      "x": 416,
      "y": 80,
      "w": 16,
      "h": 16
    },
    "cell-28-6": {
      "x": 432,
      "y": 80,
      "w": 16,
      "h": 16
    },
    "cell-29-6": {
      "x": 448,
      "y": 80,
      "w": 16,
      "h": 16
    },
    "cell-30-6": {
      "x": 464,
      "y": 80,
      "w": 16,
      "h": 16
    },
    "cell-1-7": {
      "x": 0,
      "y": 96,
      "w": 16,
      "h": 16
    },
    "cell-2-7": {
      "x": 16,
      "y": 96,
      "w": 16,
      "h": 16
    },
    "cell-3-7": {
      "x": 32,
      "y": 96,
      "w": 16,
      "h": 16
    },
    "cell-4-7": {
      "x": 48,
      "y": 96,
      "w": 16,
      "h": 16
    },
    "cell-5-7": {
      "x": 64,
      "y": 96,
      "w": 16,
      "h": 16
    },
    "cell-6-7": {
      "x": 80,
      "y": 96,
      "w": 16,
      "h": 16
    },
    "cell-7-7": {
      "x": 96,
      "y": 96,
      "w": 16,
      "h": 16
    },
    "cell-8-7": {
      "x": 112,
      "y": 96,
      "w": 16,
      "h": 16
    },
    "cell-9-7": {
      "x": 128,
      "y": 96,
      "w": 16,
      "h": 16
    },
    "cell-10-7": {
      "x": 144,
      "y": 96,
      "w": 16,
      "h": 16
    },
    "cell-11-7": {
      "x": 160,
      "y": 96,
      "w": 16,
      "h": 16
    },
    "cell-12-7": {
      "x": 176,
      "y": 96,
      "w": 16,
      "h": 16
    },
    "cell-13-7": {
      "x": 192,
      "y": 96,
      "w": 16,
      "h": 16
    },
    "cell-14-7": {
      "x": 208,
      "y": 96,
      "w": 16,
      "h": 16
    },
    "cell-15-7": {
      "x": 224,
      "y": 96,
      "w": 16,
      "h": 16
    },
    "cell-16-7": {
      "x": 240,
      "y": 96,
      "w": 16,
      "h": 16
    },
    "cell-17-7": {
      "x": 256,
      "y": 96,
      "w": 16,
      "h": 16
    },
    "cell-18-7": {
      "x": 272,
      "y": 96,
      "w": 16,
      "h": 16
    },
    "cell-19-7": {
      "x": 288,
      "y": 96,
      "w": 16,
      "h": 16
    },
    "cell-20-7": {
      "x": 304,
      "y": 96,
      "w": 16,
      "h": 16
    },
    "cell-21-7": {
      "x": 320,
      "y": 96,
      "w": 16,
      "h": 16
    },
    "cell-22-7": {
      "x": 336,
      "y": 96,
      "w": 16,
      "h": 16
    },
    "cell-23-7": {
      "x": 352,
      "y": 96,
      "w": 16,
      "h": 16
    },
    "cell-24-7": {
      "x": 368,
      "y": 96,
      "w": 16,
      "h": 16
    },
    "cell-25-7": {
      "x": 384,
      "y": 96,
      "w": 16,
      "h": 16
    },
    "cell-26-7": {
      "x": 400,
      "y": 96,
      "w": 16,
      "h": 16
    },
    "cell-27-7": {
      "x": 416,
      "y": 96,
      "w": 16,
      "h": 16
    },
    "cell-28-7": {
      "x": 432,
      "y": 96,
      "w": 16,
      "h": 16
    },
    "cell-29-7": {
      "x": 448,
      "y": 96,
      "w": 16,
      "h": 16
    },
    "cell-30-7": {
      "x": 464,
      "y": 96,
      "w": 16,
      "h": 16
    },
    "cell-1-8": {
      "x": 0,
      "y": 112,
      "w": 16,
      "h": 16
    },
    "cell-2-8": {
      "x": 16,
      "y": 112,
      "w": 16,
      "h": 16
    },
    "cell-3-8": {
      "x": 32,
      "y": 112,
      "w": 16,
      "h": 16
    },
    "cell-4-8": {
      "x": 48,
      "y": 112,
      "w": 16,
      "h": 16
    },
    "cell-5-8": {
      "x": 64,
      "y": 112,
      "w": 16,
      "h": 16
    },
    "cell-6-8": {
      "x": 80,
      "y": 112,
      "w": 16,
      "h": 16
    },
    "cell-7-8": {
      "x": 96,
      "y": 112,
      "w": 16,
      "h": 16
    },
    "cell-8-8": {
      "x": 112,
      "y": 112,
      "w": 16,
      "h": 16
    },
    "cell-9-8": {
      "x": 128,
      "y": 112,
      "w": 16,
      "h": 16
    },
    "cell-10-8": {
      "x": 144,
      "y": 112,
      "w": 16,
      "h": 16
    },
    "cell-11-8": {
      "x": 160,
      "y": 112,
      "w": 16,
      "h": 16
    },
    "cell-12-8": {
      "x": 176,
      "y": 112,
      "w": 16,
      "h": 16
    },
    "cell-13-8": {
      "x": 192,
      "y": 112,
      "w": 16,
      "h": 16
    },
    "cell-14-8": {
      "x": 208,
      "y": 112,
      "w": 16,
      "h": 16
    },
    "cell-15-8": {
      "x": 224,
      "y": 112,
      "w": 16,
      "h": 16
    },
    "cell-16-8": {
      "x": 240,
      "y": 112,
      "w": 16,
      "h": 16
    },
    "cell-17-8": {
      "x": 256,
      "y": 112,
      "w": 16,
      "h": 16
    },
    "cell-18-8": {
      "x": 272,
      "y": 112,
      "w": 16,
      "h": 16
    },
    "cell-19-8": {
      "x": 288,
      "y": 112,
      "w": 16,
      "h": 16
    },
    "cell-20-8": {
      "x": 304,
      "y": 112,
      "w": 16,
      "h": 16
    },
    "cell-21-8": {
      "x": 320,
      "y": 112,
      "w": 16,
      "h": 16
    },
    "cell-22-8": {
      "x": 336,
      "y": 112,
      "w": 16,
      "h": 16
    },
    "cell-23-8": {
      "x": 352,
      "y": 112,
      "w": 16,
      "h": 16
    },
    "cell-24-8": {
      "x": 368,
      "y": 112,
      "w": 16,
      "h": 16
    },
    "cell-25-8": {
      "x": 384,
      "y": 112,
      "w": 16,
      "h": 16
    },
    "cell-26-8": {
      "x": 400,
      "y": 112,
      "w": 16,
      "h": 16
    },
    "cell-27-8": {
      "x": 416,
      "y": 112,
      "w": 16,
      "h": 16
    },
    "cell-28-8": {
      "x": 432,
      "y": 112,
      "w": 16,
      "h": 16
    },
    "cell-29-8": {
      "x": 448,
      "y": 112,
      "w": 16,
      "h": 16
    },
    "cell-30-8": {
      "x": 464,
      "y": 112,
      "w": 16,
      "h": 16
    },
    "cell-1-9": {
      "x": 0,
      "y": 128,
      "w": 16,
      "h": 16
    },
    "cell-2-9": {
      "x": 16,
      "y": 128,
      "w": 16,
      "h": 16
    },
    "cell-3-9": {
      "x": 32,
      "y": 128,
      "w": 16,
      "h": 16
    },
    "cell-4-9": {
      "x": 48,
      "y": 128,
      "w": 16,
      "h": 16
    },
    "cell-5-9": {
      "x": 64,
      "y": 128,
      "w": 16,
      "h": 16
    },
    "cell-6-9": {
      "x": 80,
      "y": 128,
      "w": 16,
      "h": 16
    },
    "cell-7-9": {
      "x": 96,
      "y": 128,
      "w": 16,
      "h": 16
    },
    "cell-8-9": {
      "x": 112,
      "y": 128,
      "w": 16,
      "h": 16
    },
    "cell-9-9": {
      "x": 128,
      "y": 128,
      "w": 16,
      "h": 16
    },
    "cell-10-9": {
      "x": 144,
      "y": 128,
      "w": 16,
      "h": 16
    },
    "cell-11-9": {
      "x": 160,
      "y": 128,
      "w": 16,
      "h": 16
    },
    "cell-12-9": {
      "x": 176,
      "y": 128,
      "w": 16,
      "h": 16
    },
    "cell-13-9": {
      "x": 192,
      "y": 128,
      "w": 16,
      "h": 16
    },
    "cell-14-9": {
      "x": 208,
      "y": 128,
      "w": 16,
      "h": 16
    },
    "cell-15-9": {
      "x": 224,
      "y": 128,
      "w": 16,
      "h": 16
    },
    "cell-16-9": {
      "x": 240,
      "y": 128,
      "w": 16,
      "h": 16
    },
    "cell-17-9": {
      "x": 256,
      "y": 128,
      "w": 16,
      "h": 16
    },
    "cell-18-9": {
      "x": 272,
      "y": 128,
      "w": 16,
      "h": 16
    },
    "cell-19-9": {
      "x": 288,
      "y": 128,
      "w": 16,
      "h": 16
    },
    "cell-20-9": {
      "x": 304,
      "y": 128,
      "w": 16,
      "h": 16
    },
    "cell-21-9": {
      "x": 320,
      "y": 128,
      "w": 16,
      "h": 16
    },
    "cell-22-9": {
      "x": 336,
      "y": 128,
      "w": 16,
      "h": 16
    },
    "cell-23-9": {
      "x": 352,
      "y": 128,
      "w": 16,
      "h": 16
    },
    "cell-24-9": {
      "x": 368,
      "y": 128,
      "w": 16,
      "h": 16
    },
    "cell-25-9": {
      "x": 384,
      "y": 128,
      "w": 16,
      "h": 16
    },
    "cell-26-9": {
      "x": 400,
      "y": 128,
      "w": 16,
      "h": 16
    },
    "cell-27-9": {
      "x": 416,
      "y": 128,
      "w": 16,
      "h": 16
    },
    "cell-28-9": {
      "x": 432,
      "y": 128,
      "w": 16,
      "h": 16
    },
    "cell-29-9": {
      "x": 448,
      "y": 128,
      "w": 16,
      "h": 16
    },
    "cell-30-9": {
      "x": 464,
      "y": 128,
      "w": 16,
      "h": 16
    },
    "cell-1-10": {
      "x": 0,
      "y": 144,
      "w": 16,
      "h": 16
    },
    "cell-2-10": {
      "x": 16,
      "y": 144,
      "w": 16,
      "h": 16
    },
    "cell-3-10": {
      "x": 32,
      "y": 144,
      "w": 16,
      "h": 16
    },
    "cell-4-10": {
      "x": 48,
      "y": 144,
      "w": 16,
      "h": 16
    },
    "cell-5-10": {
      "x": 64,
      "y": 144,
      "w": 16,
      "h": 16
    },
    "cell-6-10": {
      "x": 80,
      "y": 144,
      "w": 16,
      "h": 16
    },
    "cell-7-10": {
      "x": 96,
      "y": 144,
      "w": 16,
      "h": 16
    },
    "cell-8-10": {
      "x": 112,
      "y": 144,
      "w": 16,
      "h": 16
    },
    "cell-9-10": {
      "x": 128,
      "y": 144,
      "w": 16,
      "h": 16
    },
    "cell-10-10": {
      "x": 144,
      "y": 144,
      "w": 16,
      "h": 16
    },
    "cell-11-10": {
      "x": 160,
      "y": 144,
      "w": 16,
      "h": 16
    },
    "cell-12-10": {
      "x": 176,
      "y": 144,
      "w": 16,
      "h": 16
    },
    "cell-13-10": {
      "x": 192,
      "y": 144,
      "w": 16,
      "h": 16
    },
    "cell-14-10": {
      "x": 208,
      "y": 144,
      "w": 16,
      "h": 16
    },
    "cell-15-10": {
      "x": 224,
      "y": 144,
      "w": 16,
      "h": 16
    },
    "cell-16-10": {
      "x": 240,
      "y": 144,
      "w": 16,
      "h": 16
    },
    "cell-17-10": {
      "x": 256,
      "y": 144,
      "w": 16,
      "h": 16
    },
    "cell-18-10": {
      "x": 272,
      "y": 144,
      "w": 16,
      "h": 16
    },
    "cell-19-10": {
      "x": 288,
      "y": 144,
      "w": 16,
      "h": 16
    },
    "cell-20-10": {
      "x": 304,
      "y": 144,
      "w": 16,
      "h": 16
    },
    "cell-21-10": {
      "x": 320,
      "y": 144,
      "w": 16,
      "h": 16
    },
    "cell-22-10": {
      "x": 336,
      "y": 144,
      "w": 16,
      "h": 16
    },
    "cell-23-10": {
      "x": 352,
      "y": 144,
      "w": 16,
      "h": 16
    },
    "cell-24-10": {
      "x": 368,
      "y": 144,
      "w": 16,
      "h": 16
    },
    "cell-25-10": {
      "x": 384,
      "y": 144,
      "w": 16,
      "h": 16
    },
    "cell-26-10": {
      "x": 400,
      "y": 144,
      "w": 16,
      "h": 16
    },
    "cell-27-10": {
      "x": 416,
      "y": 144,
      "w": 16,
      "h": 16
    },
    "cell-28-10": {
      "x": 432,
      "y": 144,
      "w": 16,
      "h": 16
    },
    "cell-29-10": {
      "x": 448,
      "y": 144,
      "w": 16,
      "h": 16
    },
    "cell-30-10": {
      "x": 464,
      "y": 144,
      "w": 16,
      "h": 16
    },
    "cell-1-11": {
      "x": 0,
      "y": 160,
      "w": 16,
      "h": 16
    },
    "cell-2-11": {
      "x": 16,
      "y": 160,
      "w": 16,
      "h": 16
    },
    "cell-3-11": {
      "x": 32,
      "y": 160,
      "w": 16,
      "h": 16
    },
    "cell-4-11": {
      "x": 48,
      "y": 160,
      "w": 16,
      "h": 16
    },
    "cell-5-11": {
      "x": 64,
      "y": 160,
      "w": 16,
      "h": 16
    },
    "cell-6-11": {
      "x": 80,
      "y": 160,
      "w": 16,
      "h": 16
    },
    "cell-7-11": {
      "x": 96,
      "y": 160,
      "w": 16,
      "h": 16
    },
    "cell-8-11": {
      "x": 112,
      "y": 160,
      "w": 16,
      "h": 16
    },
    "cell-9-11": {
      "x": 128,
      "y": 160,
      "w": 16,
      "h": 16
    },
    "cell-10-11": {
      "x": 144,
      "y": 160,
      "w": 16,
      "h": 16
    },
    "cell-11-11": {
      "x": 160,
      "y": 160,
      "w": 16,
      "h": 16
    },
    "cell-12-11": {
      "x": 176,
      "y": 160,
      "w": 16,
      "h": 16
    },
    "cell-13-11": {
      "x": 192,
      "y": 160,
      "w": 16,
      "h": 16
    },
    "cell-14-11": {
      "x": 208,
      "y": 160,
      "w": 16,
      "h": 16
    },
    "cell-15-11": {
      "x": 224,
      "y": 160,
      "w": 16,
      "h": 16
    },
    "cell-16-11": {
      "x": 240,
      "y": 160,
      "w": 16,
      "h": 16
    },
    "cell-17-11": {
      "x": 256,
      "y": 160,
      "w": 16,
      "h": 16
    },
    "cell-18-11": {
      "x": 272,
      "y": 160,
      "w": 16,
      "h": 16
    },
    "cell-19-11": {
      "x": 288,
      "y": 160,
      "w": 16,
      "h": 16
    },
    "cell-20-11": {
      "x": 304,
      "y": 160,
      "w": 16,
      "h": 16
    },
    "cell-21-11": {
      "x": 320,
      "y": 160,
      "w": 16,
      "h": 16
    },
    "cell-22-11": {
      "x": 336,
      "y": 160,
      "w": 16,
      "h": 16
    },
    "cell-23-11": {
      "x": 352,
      "y": 160,
      "w": 16,
      "h": 16
    },
    "cell-24-11": {
      "x": 368,
      "y": 160,
      "w": 16,
      "h": 16
    },
    "cell-25-11": {
      "x": 384,
      "y": 160,
      "w": 16,
      "h": 16
    },
    "cell-26-11": {
      "x": 400,
      "y": 160,
      "w": 16,
      "h": 16
    },
    "cell-27-11": {
      "x": 416,
      "y": 160,
      "w": 16,
      "h": 16
    },
    "cell-28-11": {
      "x": 432,
      "y": 160,
      "w": 16,
      "h": 16
    },
    "cell-29-11": {
      "x": 448,
      "y": 160,
      "w": 16,
      "h": 16
    },
    "cell-30-11": {
      "x": 464,
      "y": 160,
      "w": 16,
      "h": 16
    },
    "cell-1-12": {
      "x": 0,
      "y": 176,
      "w": 16,
      "h": 16
    },
    "cell-2-12": {
      "x": 16,
      "y": 176,
      "w": 16,
      "h": 16
    },
    "cell-3-12": {
      "x": 32,
      "y": 176,
      "w": 16,
      "h": 16
    },
    "cell-4-12": {
      "x": 48,
      "y": 176,
      "w": 16,
      "h": 16
    },
    "cell-5-12": {
      "x": 64,
      "y": 176,
      "w": 16,
      "h": 16
    },
    "cell-6-12": {
      "x": 80,
      "y": 176,
      "w": 16,
      "h": 16
    },
    "cell-7-12": {
      "x": 96,
      "y": 176,
      "w": 16,
      "h": 16
    },
    "cell-8-12": {
      "x": 112,
      "y": 176,
      "w": 16,
      "h": 16
    },
    "cell-9-12": {
      "x": 128,
      "y": 176,
      "w": 16,
      "h": 16
    },
    "cell-10-12": {
      "x": 144,
      "y": 176,
      "w": 16,
      "h": 16
    },
    "cell-11-12": {
      "x": 160,
      "y": 176,
      "w": 16,
      "h": 16
    },
    "cell-12-12": {
      "x": 176,
      "y": 176,
      "w": 16,
      "h": 16
    },
    "cell-13-12": {
      "x": 192,
      "y": 176,
      "w": 16,
      "h": 16
    },
    "cell-14-12": {
      "x": 208,
      "y": 176,
      "w": 16,
      "h": 16
    },
    "cell-15-12": {
      "x": 224,
      "y": 176,
      "w": 16,
      "h": 16
    },
    "cell-16-12": {
      "x": 240,
      "y": 176,
      "w": 16,
      "h": 16
    },
    "cell-17-12": {
      "x": 256,
      "y": 176,
      "w": 16,
      "h": 16
    },
    "cell-18-12": {
      "x": 272,
      "y": 176,
      "w": 16,
      "h": 16
    },
    "cell-19-12": {
      "x": 288,
      "y": 176,
      "w": 16,
      "h": 16
    },
    "cell-20-12": {
      "x": 304,
      "y": 176,
      "w": 16,
      "h": 16
    },
    "cell-21-12": {
      "x": 320,
      "y": 176,
      "w": 16,
      "h": 16
    },
    "cell-22-12": {
      "x": 336,
      "y": 176,
      "w": 16,
      "h": 16
    },
    "cell-23-12": {
      "x": 352,
      "y": 176,
      "w": 16,
      "h": 16
    },
    "cell-24-12": {
      "x": 368,
      "y": 176,
      "w": 16,
      "h": 16
    },
    "cell-25-12": {
      "x": 384,
      "y": 176,
      "w": 16,
      "h": 16
    },
    "cell-26-12": {
      "x": 400,
      "y": 176,
      "w": 16,
      "h": 16
    },
    "cell-27-12": {
      "x": 416,
      "y": 176,
      "w": 16,
      "h": 16
    },
    "cell-28-12": {
      "x": 432,
      "y": 176,
      "w": 16,
      "h": 16
    },
    "cell-29-12": {
      "x": 448,
      "y": 176,
      "w": 16,
      "h": 16
    },
    "cell-30-12": {
      "x": 464,
      "y": 176,
      "w": 16,
      "h": 16
    },
    "cell-1-13": {
      "x": 0,
      "y": 192,
      "w": 16,
      "h": 16
    },
    "cell-2-13": {
      "x": 16,
      "y": 192,
      "w": 16,
      "h": 16
    },
    "cell-3-13": {
      "x": 32,
      "y": 192,
      "w": 16,
      "h": 16
    },
    "cell-4-13": {
      "x": 48,
      "y": 192,
      "w": 16,
      "h": 16
    },
    "cell-5-13": {
      "x": 64,
      "y": 192,
      "w": 16,
      "h": 16
    },
    "cell-6-13": {
      "x": 80,
      "y": 192,
      "w": 16,
      "h": 16
    },
    "cell-7-13": {
      "x": 96,
      "y": 192,
      "w": 16,
      "h": 16
    },
    "cell-8-13": {
      "x": 112,
      "y": 192,
      "w": 16,
      "h": 16
    },
    "cell-9-13": {
      "x": 128,
      "y": 192,
      "w": 16,
      "h": 16
    },
    "cell-10-13": {
      "x": 144,
      "y": 192,
      "w": 16,
      "h": 16
    },
    "cell-11-13": {
      "x": 160,
      "y": 192,
      "w": 16,
      "h": 16
    },
    "cell-12-13": {
      "x": 176,
      "y": 192,
      "w": 16,
      "h": 16
    },
    "cell-13-13": {
      "x": 192,
      "y": 192,
      "w": 16,
      "h": 16
    },
    "cell-14-13": {
      "x": 208,
      "y": 192,
      "w": 16,
      "h": 16
    },
    "cell-15-13": {
      "x": 224,
      "y": 192,
      "w": 16,
      "h": 16
    },
    "cell-16-13": {
      "x": 240,
      "y": 192,
      "w": 16,
      "h": 16
    },
    "cell-17-13": {
      "x": 256,
      "y": 192,
      "w": 16,
      "h": 16
    },
    "cell-18-13": {
      "x": 272,
      "y": 192,
      "w": 16,
      "h": 16
    },
    "cell-19-13": {
      "x": 288,
      "y": 192,
      "w": 16,
      "h": 16
    },
    "cell-20-13": {
      "x": 304,
      "y": 192,
      "w": 16,
      "h": 16
    },
    "cell-21-13": {
      "x": 320,
      "y": 192,
      "w": 16,
      "h": 16
    },
    "cell-22-13": {
      "x": 336,
      "y": 192,
      "w": 16,
      "h": 16
    },
    "cell-23-13": {
      "x": 352,
      "y": 192,
      "w": 16,
      "h": 16
    },
    "cell-24-13": {
      "x": 368,
      "y": 192,
      "w": 16,
      "h": 16
    },
    "cell-25-13": {
      "x": 384,
      "y": 192,
      "w": 16,
      "h": 16
    },
    "cell-26-13": {
      "x": 400,
      "y": 192,
      "w": 16,
      "h": 16
    },
    "cell-27-13": {
      "x": 416,
      "y": 192,
      "w": 16,
      "h": 16
    },
    "cell-28-13": {
      "x": 432,
      "y": 192,
      "w": 16,
      "h": 16
    },
    "cell-29-13": {
      "x": 448,
      "y": 192,
      "w": 16,
      "h": 16
    },
    "cell-30-13": {
      "x": 464,
      "y": 192,
      "w": 16,
      "h": 16
    },
    "cell-1-14": {
      "x": 0,
      "y": 208,
      "w": 16,
      "h": 16
    },
    "cell-2-14": {
      "x": 16,
      "y": 208,
      "w": 16,
      "h": 16
    },
    "cell-3-14": {
      "x": 32,
      "y": 208,
      "w": 16,
      "h": 16
    },
    "cell-4-14": {
      "x": 48,
      "y": 208,
      "w": 16,
      "h": 16
    },
    "cell-5-14": {
      "x": 64,
      "y": 208,
      "w": 16,
      "h": 16
    },
    "cell-6-14": {
      "x": 80,
      "y": 208,
      "w": 16,
      "h": 16
    },
    "cell-7-14": {
      "x": 96,
      "y": 208,
      "w": 16,
      "h": 16
    },
    "cell-8-14": {
      "x": 112,
      "y": 208,
      "w": 16,
      "h": 16
    },
    "cell-9-14": {
      "x": 128,
      "y": 208,
      "w": 16,
      "h": 16
    },
    "cell-10-14": {
      "x": 144,
      "y": 208,
      "w": 16,
      "h": 16
    },
    "cell-11-14": {
      "x": 160,
      "y": 208,
      "w": 16,
      "h": 16
    },
    "cell-12-14": {
      "x": 176,
      "y": 208,
      "w": 16,
      "h": 16
    },
    "cell-13-14": {
      "x": 192,
      "y": 208,
      "w": 16,
      "h": 16
    },
    "cell-14-14": {
      "x": 208,
      "y": 208,
      "w": 16,
      "h": 16
    },
    "cell-15-14": {
      "x": 224,
      "y": 208,
      "w": 16,
      "h": 16
    },
    "cell-16-14": {
      "x": 240,
      "y": 208,
      "w": 16,
      "h": 16
    },
    "cell-17-14": {
      "x": 256,
      "y": 208,
      "w": 16,
      "h": 16
    },
    "cell-18-14": {
      "x": 272,
      "y": 208,
      "w": 16,
      "h": 16
    },
    "cell-19-14": {
      "x": 288,
      "y": 208,
      "w": 16,
      "h": 16
    },
    "cell-20-14": {
      "x": 304,
      "y": 208,
      "w": 16,
      "h": 16
    },
    "cell-21-14": {
      "x": 320,
      "y": 208,
      "w": 16,
      "h": 16
    },
    "cell-22-14": {
      "x": 336,
      "y": 208,
      "w": 16,
      "h": 16
    },
    "cell-23-14": {
      "x": 352,
      "y": 208,
      "w": 16,
      "h": 16
    },
    "cell-24-14": {
      "x": 368,
      "y": 208,
      "w": 16,
      "h": 16
    },
    "cell-25-14": {
      "x": 384,
      "y": 208,
      "w": 16,
      "h": 16
    },
    "cell-26-14": {
      "x": 400,
      "y": 208,
      "w": 16,
      "h": 16
    },
    "cell-27-14": {
      "x": 416,
      "y": 208,
      "w": 16,
      "h": 16
    },
    "cell-28-14": {
      "x": 432,
      "y": 208,
      "w": 16,
      "h": 16
    },
    "cell-29-14": {
      "x": 448,
      "y": 208,
      "w": 16,
      "h": 16
    },
    "cell-30-14": {
      "x": 464,
      "y": 208,
      "w": 16,
      "h": 16
    },
    "cell-1-15": {
      "x": 0,
      "y": 224,
      "w": 16,
      "h": 16
    },
    "cell-2-15": {
      "x": 16,
      "y": 224,
      "w": 16,
      "h": 16
    },
    "cell-3-15": {
      "x": 32,
      "y": 224,
      "w": 16,
      "h": 16
    },
    "cell-4-15": {
      "x": 48,
      "y": 224,
      "w": 16,
      "h": 16
    },
    "cell-5-15": {
      "x": 64,
      "y": 224,
      "w": 16,
      "h": 16
    },
    "cell-6-15": {
      "x": 80,
      "y": 224,
      "w": 16,
      "h": 16
    },
    "cell-7-15": {
      "x": 96,
      "y": 224,
      "w": 16,
      "h": 16
    },
    "cell-8-15": {
      "x": 112,
      "y": 224,
      "w": 16,
      "h": 16
    },
    "cell-9-15": {
      "x": 128,
      "y": 224,
      "w": 16,
      "h": 16
    },
    "cell-10-15": {
      "x": 144,
      "y": 224,
      "w": 16,
      "h": 16
    },
    "cell-11-15": {
      "x": 160,
      "y": 224,
      "w": 16,
      "h": 16
    },
    "cell-12-15": {
      "x": 176,
      "y": 224,
      "w": 16,
      "h": 16
    },
    "cell-13-15": {
      "x": 192,
      "y": 224,
      "w": 16,
      "h": 16
    },
    "cell-14-15": {
      "x": 208,
      "y": 224,
      "w": 16,
      "h": 16
    },
    "cell-15-15": {
      "x": 224,
      "y": 224,
      "w": 16,
      "h": 16
    },
    "cell-16-15": {
      "x": 240,
      "y": 224,
      "w": 16,
      "h": 16
    },
    "cell-17-15": {
      "x": 256,
      "y": 224,
      "w": 16,
      "h": 16
    },
    "cell-18-15": {
      "x": 272,
      "y": 224,
      "w": 16,
      "h": 16
    },
    "cell-19-15": {
      "x": 288,
      "y": 224,
      "w": 16,
      "h": 16
    },
    "cell-20-15": {
      "x": 304,
      "y": 224,
      "w": 16,
      "h": 16
    },
    "cell-21-15": {
      "x": 320,
      "y": 224,
      "w": 16,
      "h": 16
    },
    "cell-22-15": {
      "x": 336,
      "y": 224,
      "w": 16,
      "h": 16
    },
    "cell-23-15": {
      "x": 352,
      "y": 224,
      "w": 16,
      "h": 16
    },
    "cell-24-15": {
      "x": 368,
      "y": 224,
      "w": 16,
      "h": 16
    },
    "cell-25-15": {
      "x": 384,
      "y": 224,
      "w": 16,
      "h": 16
    },
    "cell-26-15": {
      "x": 400,
      "y": 224,
      "w": 16,
      "h": 16
    },
    "cell-27-15": {
      "x": 416,
      "y": 224,
      "w": 16,
      "h": 16
    },
    "cell-28-15": {
      "x": 432,
      "y": 224,
      "w": 16,
      "h": 16
    },
    "cell-29-15": {
      "x": 448,
      "y": 224,
      "w": 16,
      "h": 16
    },
    "cell-30-15": {
      "x": 464,
      "y": 224,
      "w": 16,
      "h": 16
    }
  }
}