{
  "meta": {
    "image": "Sword_Run_atlas.png",
    "size": {
      "w": 156,
      "h": 156
    },
    "tileSize": 48,
    "padding": 2,
    "type": "character",
    "animation": "Sword Run"
  },
  "frames": {
    "Sword Run_1": {
      "x": 2,
      "y": 2,
      "w": 48,
      "h": 48,
      "pivotX": 0.5,
      "pivotY": 0.9
    },
    "Sword Run_2": {
      "x": 54,
      "y": 2,
      "w": 48,
      "h": 48,
      "pivotX": 0.5,
      "pivotY": 0.9
    },
    "Sword Run_3": {
      "x": 106,
      "y": 2,
      "w": 48,
      "h": 48,
      "pivotX": 0.5,
      "pivotY": 0.9
    },
    "Sword Run_4": {
      "x": 2,
      "y": 54,
      "w": 48,
      "h": 48,
      "pivotX": 0.5,
      "pivotY": 0.9
    },
    "Sword Run_5": {
      "x": 54,
      "y": 54,
      "w": 48,
      "h": 48,
      "pivotX": 0.5,
      "pivotY": 0.9
    },
    "Sword Run_6": {
      "x": 106,
      "y": 54,
      "w": 48,
      "h": 48,
      "pivotX": 0.5,
      "pivotY": 0.9
    },
    "Sword Run_7": {
      "x": 2,
      "y": 106,
      "w": 48,
      "h": 48,
      "pivotX": 0.5,
      "pivotY": 0.9
    },
    "Sword Run_8": {
      "x": 54,
      "y": 106,
      "w": 48,
      "h": 48,
      "pivotX": 0.5,
      "pivotY": 0.9
    }
  }
}