{
  "animations": {
    "Dash": {
      "atlas": "Dash_atlas.json",
      "image": "Dash_atlas.png",
      "frames": [
        "Dash_1",
        "Dash_2",
        "Dash_3",
        "Dash_4",
        "Dash_5",
        "Dash_6",
        "Dash_7",
        "Dash_8",
        "Dash_9"
      ],
      "defaultFps": 12
    },
    "Death": {
      "atlas": "Death_atlas.json",
      "image": "Death_atlas.png",
      "frames": [
        "Death_1",
        "Death_2",
        "Death_3",
        "Death_4",
        "Death_5",
        "Death_6",
        "Death_7",
        "Death_8",
        "Death_9",
        "Death_10"
      ],
      "defaultFps": 12
    },
    "Hurt-Damaged": {
      "atlas": "Hurt-Damaged_atlas.json",
      "image": "Hurt-Damaged_atlas.png",
      "frames": [
        "Hurt-Damaged_1",
        "Hurt-Damaged_2",
        "Hurt-Damaged_3",
        "Hurt-Damaged_4"
      ],
      "defaultFps": 12
    },
    "Idle": {
      "atlas": "Idle_atlas.json",
      "image": "Idle_atlas.png",
      "frames": [
        "Idle_1",
        "Idle_2",
        "Idle_3",
        "Idle_4",
        "Idle_5",
        "Idle_6",
        "Idle_7",
        "Idle_8",
        "Idle_9",
        "Idle_10"
      ],
      "defaultFps": 12
    },
    "Jump": {
      "atlas": "Jump_atlas.json",
      "image": "Jump_atlas.png",
      "frames": [
        "Jump_001",
        "Jump_002",
        "Jump_003"
      ],
      "defaultFps": 12
    },
    "Katana Air Attack": {
      "atlas": "Katana_Air_Attack_atlas.json",
      "image": "Katana_Air_Attack_atlas.png",
      "frames": [
        "Katana Air Attack_1",
        "Katana Air Attack_2",
        "Katana Air Attack_3",
        "Katana Air Attack_4",
        "Katana Air Attack_5",
        "Katana Air Attack_6",
        "Katana Air Attack_7",
        "Katana Air Attack_8",
        "Katana Air Attack_9",
        "Katana Air Attack_10",
        "Katana Air Attack_11",
        "Katana Air Attack_12",
        "Katana Air Attack_13",
        "Katana Air Attack_14",
        "Katana Air Attack_15",
        "Katana Air Attack_16",
        "Katana Air Attack_17",
        "Katana Air Attack_18",
        "Katana Air Attack_19",
        "Katana Air Attack_20",
        "Katana Air Attack_21",
        "Katana Air Attack_22",
        "Katana Air Attack_23",
        "Katana Air Attack_24",
        "Katana Air Attack_25",
        "Katana Air Attack_26",
        "Katana Air Attack_27",
        "Katana Air Attack_28",
        "Katana Air Attack_29",
        "Katana Air Attack_30",
        "Katana Air Attack_31",
        "Katana Air Attack_32",
        "Katana Air Attack_33",
        "Katana Air Attack_34",
        "Katana Air Attack_35",
        "Katana Air Attack_36",
        "Katana Air Attack_37",
        "Katana Air Attack_38",
        "Katana Air Attack_39",
        "Katana Air Attack_40",
        "Katana Air Attack_41",
        "Katana Air Attack_42",
        "Katana Air Attack_43",
        "Katana Air Attack_44",
        "Katana Air Attack_45",
        "Katana Air Attack_46",
        "Katana Air Attack_47",
        "Katana Air Attack_48",
        "Katana Air Attack_49",
        "Katana Air Attack_50",
        "Katana Air Attack_51",
        "Katana Air Attack_52",
        "Katana Air Attack_53",
        "Katana Air Attack_54",
        "Katana Air Attack_55",
        "Katana Air Attack_56",
        "Katana Air Attack_57",
        "Katana Air Attack_58",
        "Katana Air Attack_59",
        "Katana Air Attack_60",
        "Katana Air Attack_61",
        "Katana Air Attack_62",
        "Katana Air Attack_63",
        "Katana Air Attack_64",
        "Katana Air Attack_65",
        "Katana Air Attack_66",
        "Katana Air Attack_67",
        "Katana Air Attack_68",
        "Katana Air Attack_69",
        "Katana Air Attack_70",
        "Katana Air Attack_71",
        "Katana Air Attack_72",
        "Katana Air Attack_73",
        "Katana Air Attack_74",
        "Katana Air Attack_75",
        "Katana Air Attack_76",
        "Katana Air Attack_77",
        "Katana Air Attack_78",
        "Katana Air Attack_79",
        "Katana Air Attack_80",
        "Katana Air Attack_81",
        "Katana Air Attack_82",
        "Katana Air Attack_83",
        "Katana Air Attack_84",
        "Katana Air Attack_85",
        "Katana Air Attack_86",
        "Katana Air Attack_87",
        "Katana Air Attack_88",
        "Katana Air Attack_89",
        "Katana Air Attack_90",
        "Katana Air Attack_91",
        "Katana Air Attack_92",
        "Katana Air Attack_93",
        "Katana Air Attack_94",
        "Katana Air Attack_95",
        "Katana Air Attack_96",
        "Katana Air Attack_97",
        "Katana Air Attack_98",
        "Katana Air Attack_99",
        "Katana Air Attack_100",
        "Katana Air Attack_101",
        "Katana Air Attack_102",
        "Katana Air Attack_103",
        "Katana Air Attack_104",
        "Katana Air Attack_105",
        "Katana Air Attack_106",
        "Katana Air Attack_107",
        "Katana Air Attack_108",
        "Katana Air Attack_109",
        "Katana Air Attack_110",
        "Katana Air Attack_111",
        "Katana Air Attack_112",
        "Katana Air Attack_113",
        "Katana Air Attack_114",
        "Katana Air Attack_115",
        "Katana Air Attack_116",
        "Katana Air Attack_117",
        "Katana Air Attack_118",
        "Katana Air Attack_119",
        "Katana Air Attack_120",
        "Katana Air Attack_121",
        "Katana Air Attack_122",
        "Katana Air Attack_123",
        "Katana Air Attack_124",
        "Katana Air Attack_125",
        "Katana Air Attack_126",
        "Katana Air Attack_127",
        "Katana Air Attack_128",
        "Katana Air Attack_129",
        "Katana Air Attack_130",
        "Katana Air Attack_131",
        "Katana Air Attack_132",
        "Katana Air Attack_133",
        "Katana Air Attack_134",
        "Katana Air Attack_135",
        "Katana Air Attack_136",
        "Katana Air Attack_137",
        "Katana Air Attack_138",
        "Katana Air Attack_139",
        "Katana Air Attack_140",
        "Katana Air Attack_141",
        "Katana Air Attack_142",
        "Katana Air Attack_143",
        "Katana Air Attack_144",
        "Katana Air Attack_145",
        "Katana Air Attack_146",
        "Katana Air Attack_147",
        "Katana Air Attack_148",
        "Katana Air Attack_149",
        "Katana Air Attack_150",
        "Katana Air Attack_151",
        "Katana Air Attack_152",
        "Katana Air Attack_153",
        "Katana Air Attack_154",
        "Katana Air Attack_155",
        "Katana Air Attack_156",
        "Katana Air Attack_157",
        "Katana Air Attack_158",
        "Katana Air Attack_159",
        "Katana Air Attack_160",
        "Katana Air Attack_161",
        "Katana Air Attack_162",
        "Katana Air Attack_163",
        "Katana Air Attack_164",
        "Katana Air Attack_165",
        "Katana Air Attack_166",
        "Katana Air Attack_167",
        "Katana Air Attack_168",
        "Katana Air Attack_169",
        "Katana Air Attack_170",
        "Katana Air Attack_171",
        "Katana Air Attack_172",
        "Katana Air Attack_173",
        "Katana Air Attack_174",
        "Katana Air Attack_175",
        "Katana Air Attack_176",
        "Katana Air Attack_177",
        "Katana Air Attack_178",
        "Katana Air Attack_179",
        "Katana Air Attack_180"
      ],
      "defaultFps": 12
    },
    "Katana Attack-Sheathe": {
      "atlas": "Katana_Attack-Sheathe_atlas.json",
      "image": "Katana_Attack-Sheathe_atlas.png",
      "frames": [
        "Katana Attack-Sheathe_1",
        "Katana Attack-Sheathe_2",
        "Katana Attack-Sheathe_3",
        "Katana Attack-Sheathe_4",
        "Katana Attack-Sheathe_5",
        "Katana Attack-Sheathe_6",
        "Katana Attack-Sheathe_7",
        "Katana Attack-Sheathe_8",
        "Katana Attack-Sheathe_9",
        "Katana Attack-Sheathe_10",
        "Katana Attack-Sheathe_11",
        "Katana Attack-Sheathe_12",
        "Katana Attack-Sheathe_13",
        "Katana Attack-Sheathe_14",
        "Katana Attack-Sheathe_15",
        "Katana Attack-Sheathe_16",
        "Katana Attack-Sheathe_17",
        "Katana Attack-Sheathe_18",
        "Katana Attack-Sheathe_19",
        "Katana Attack-Sheathe_20",
        "Katana Attack-Sheathe_21",
        "Katana Attack-Sheathe_22",
        "Katana Attack-Sheathe_23",
        "Katana Attack-Sheathe_24",
        "Katana Attack-Sheathe_25",
        "Katana Attack-Sheathe_26",
        "Katana Attack-Sheathe_27",
        "Katana Attack-Sheathe_28",
        "Katana Attack-Sheathe_29",
        "Katana Attack-Sheathe_30",
        "Katana Attack-Sheathe_31",
        "Katana Attack-Sheathe_32",
        "Katana Attack-Sheathe_33",
        "Katana Attack-Sheathe_34",
        "Katana Attack-Sheathe_35",
        "Katana Attack-Sheathe_36",
        "Katana Attack-Sheathe_37",
        "Katana Attack-Sheathe_38",
        "Katana Attack-Sheathe_39",
        "Katana Attack-Sheathe_40",
        "Katana Attack-Sheathe_41",
        "Katana Attack-Sheathe_42",
        "Katana Attack-Sheathe_43",
        "Katana Attack-Sheathe_44",
        "Katana Attack-Sheathe_45",
        "Katana Attack-Sheathe_46",
        "Katana Attack-Sheathe_47",
        "Katana Attack-Sheathe_48",
        "Katana Attack-Sheathe_49",
        "Katana Attack-Sheathe_50"
      ],
      "defaultFps": 12
    },
    "Katana Continuous Attack": {
      "atlas": "Katana_Continuous_Attack_atlas.json",
      "image": "Katana_Continuous_Attack_atlas.png",
      "frames": [
        "Katana Continuous Attack_1",
        "Katana Continuous Attack_2",
        "Katana Continuous Attack_3",
        "Katana Continuous Attack_4",
        "Katana Continuous Attack_5",
        "Katana Continuous Attack_6",
        "Katana Continuous Attack_7",
        "Katana Continuous Attack_8",
        "Katana Continuous Attack_9",
        "Katana Continuous Attack_10",
        "Katana Continuous Attack_11",
        "Katana Continuous Attack_12",
        "Katana Continuous Attack_13",
        "Katana Continuous Attack_14",
        "Katana Continuous Attack_15",
        "Katana Continuous Attack_16",
        "Katana Continuous Attack_17",
        "Katana Continuous Attack_18",
        "Katana Continuous Attack_19",
        "Katana Continuous Attack_20",
        "Katana Continuous Attack_21",
        "Katana Continuous Attack_22",
        "Katana Continuous Attack_23",
        "Katana Continuous Attack_24",
        "Katana Continuous Attack_25",
        "Katana Continuous Attack_26",
        "Katana Continuous Attack_27",
        "Katana Continuous Attack_28",
        "Katana Continuous Attack_29",
        "Katana Continuous Attack_30",
        "Katana Continuous Attack_31",
        "Katana Continuous Attack_32",
        "Katana Continuous Attack_33",
        "Katana Continuous Attack_34",
        "Katana Continuous Attack_35",
        "Katana Continuous Attack_36",
        "Katana Continuous Attack_37",
        "Katana Continuous Attack_38",
        "Katana Continuous Attack_39",
        "Katana Continuous Attack_40",
        "Katana Continuous Attack_41",
        "Katana Continuous Attack_42",
        "Katana Continuous Attack_43",
        "Katana Continuous Attack_44",
        "Katana Continuous Attack_45",
        "Katana Continuous Attack_46",
        "Katana Continuous Attack_47",
        "Katana Continuous Attack_48",
        "Katana Continuous Attack_49",
        "Katana Continuous Attack_50",
        "Katana Continuous Attack_51",
        "Katana Continuous Attack_52",
        "Katana Continuous Attack_53",
        "Katana Continuous Attack_54",
        "Katana Continuous Attack_55",
        "Katana Continuous Attack_56",
        "Katana Continuous Attack_57",
        "Katana Continuous Attack_58",
        "Katana Continuous Attack_59",
        "Katana Continuous Attack_60",
        "Katana Continuous Attack_61",
        "Katana Continuous Attack_62",
        "Katana Continuous Attack_63",
        "Katana Continuous Attack_64",
        "Katana Continuous Attack_65",
        "Katana Continuous Attack_66",
        "Katana Continuous Attack_67",
        "Katana Continuous Attack_68",
        "Katana Continuous Attack_69",
        "Katana Continuous Attack_70",
        "Katana Continuous Attack_71",
        "Katana Continuous Attack_72",
        "Katana Continuous Attack_73",
        "Katana Continuous Attack_74",
        "Katana Continuous Attack_75",
        "Katana Continuous Attack_76",
        "Katana Continuous Attack_77",
        "Katana Continuous Attack_78",
        "Katana Continuous Attack_79",
        "Katana Continuous Attack_80",
        "Katana Continuous Attack_81",
        "Katana Continuous Attack_82",
        "Katana Continuous Attack_83",
        "Katana Continuous Attack_84",
        "Katana Continuous Attack_85",
        "Katana Continuous Attack_86",
        "Katana Continuous Attack_87",
        "Katana Continuous Attack_88",
        "Katana Continuous Attack_89",
        "Katana Continuous Attack_90",
        "Katana Continuous Attack_91",
        "Katana Continuous Attack_92",
        "Katana Continuous Attack_93",
        "Katana Continuous Attack_94",
        "Katana Continuous Attack_95",
        "Katana Continuous Attack_96",
        "Katana Continuous Attack_97",
        "Katana Continuous Attack_98",
        "Katana Continuous Attack_99",
        "Katana Continuous Attack_100",
        "Katana Continuous Attack_101",
        "Katana Continuous Attack_102",
        "Katana Continuous Attack_103",
        "Katana Continuous Attack_104",
        "Katana Continuous Attack_105",
        "Katana Continuous Attack_106",
        "Katana Continuous Attack_107",
        "Katana Continuous Attack_108",
        "Katana Continuous Attack_109",
        "Katana Continuous Attack_110",
        "Katana Continuous Attack_111",
        "Katana Continuous Attack_112",
        "Katana Continuous Attack_113",
        "Katana Continuous Attack_114",
        "Katana Continuous Attack_115",
        "Katana Continuous Attack_116",
        "Katana Continuous Attack_117",
        "Katana Continuous Attack_118",
        "Katana Continuous Attack_119",
        "Katana Continuous Attack_120",
        "Katana Continuous Attack_121",
        "Katana Continuous Attack_122",
        "Katana Continuous Attack_123",
        "Katana Continuous Attack_124",
        "Katana Continuous Attack_125",
        "Katana Continuous Attack_126",
        "Katana Continuous Attack_127",
        "Katana Continuous Attack_128",
        "Katana Continuous Attack_129",
        "Katana Continuous Attack_130",
        "Katana Continuous Attack_131",
        "Katana Continuous Attack_132",
        "Katana Continuous Attack_133",
        "Katana Continuous Attack_134",
        "Katana Continuous Attack_135",
        "Katana Continuous Attack_136",
        "Katana Continuous Attack_137",
        "Katana Continuous Attack_138",
        "Katana Continuous Attack_139",
        "Katana Continuous Attack_140",
        "Katana Continuous Attack_141",
        "Katana Continuous Attack_142",
        "Katana Continuous Attack_143",
        "Katana Continuous Attack_144",
        "Katana Continuous Attack_145",
        "Katana Continuous Attack_146",
        "Katana Continuous Attack_147",
        "Katana Continuous Attack_148",
        "Katana Continuous Attack_149",
        "Katana Continuous Attack_150",
        "Katana Continuous Attack_151",
        "Katana Continuous Attack_152",
        "Katana Continuous Attack_153",
        "Katana Continuous Attack_154",
        "Katana Continuous Attack_155",
        "Katana Continuous Attack_156",
        "Katana Continuous Attack_157",
        "Katana Continuous Attack_158",
        "Katana Continuous Attack_159",
        "Katana Continuous Attack_160",
        "Katana Continuous Attack_161",
        "Katana Continuous Attack_162",
        "Katana Continuous Attack_163",
        "Katana Continuous Attack_164",
        "Katana Continuous Attack_165",
        "Katana Continuous Attack_166",
        "Katana Continuous Attack_167",
        "Katana Continuous Attack_168",
        "Katana Continuous Attack_169",
        "Katana Continuous Attack_170",
        "Katana Continuous Attack_171",
        "Katana Continuous Attack_172",
        "Katana Continuous Attack_173",
        "Katana Continuous Attack_174",
        "Katana Continuous Attack_175",
        "Katana Continuous Attack_176",
        "Katana Continuous Attack_177",
        "Katana Continuous Attack_178",
        "Katana Continuous Attack_179",
        "Katana Continuous Attack_180"
      ],
      "defaultFps": 12
    },
    "Katana Run": {
      "atlas": "Katana_Run_atlas.json",
      "image": "Katana_Run_atlas.png",
      "frames": [
        "Katana Run_1",
        "Katana Run_2",
        "Katana Run_3",
        "Katana Run_4",
        "Katana Run_5",
        "Katana Run_6",
        "Katana Run_7",
        "Katana Run_8"
      ],
      "defaultFps": 12
    },
    "Katana Run Attack": {
      "atlas": "Katana_Run_Attack_atlas.json",
      "image": "Katana_Run_Attack_atlas.png",
      "frames": [
        "Katana Run Attack_1",
        "Katana Run Attack_2",
        "Katana Run Attack_3",
        "Katana Run Attack_4",
        "Katana Run Attack_5",
        "Katana Run Attack_6",
        "Katana Run Attack_7",
        "Katana Run Attack_8",
        "Katana Run Attack_9",
        "Katana Run Attack_10"
      ],
      "defaultFps": 12
    },
    "Katana walk": {
      "atlas": "Katana_walk_atlas.json",
      "image": "Katana_walk_atlas.png",
      "frames": [
        "Katana walk_1",
        "Katana walk_2",
        "Katana walk_3",
        "Katana walk_4",
        "Katana walk_5",
        "Katana walk_6",
        "Katana walk_7",
        "Katana walk_8",
        "Katana walk_9",
        "Katana walk_10"
      ],
      "defaultFps": 12
    },
    "Land": {
      "atlas": "Land_atlas.json",
      "image": "Land_atlas.png",
      "frames": [
        "Land_1",
        "Land_2",
        "Land_3",
        "Land_4",
        "Land_5",
        "Land_6",
        "Land_7",
        "Land_8",
        "Land_9"
      ],
      "defaultFps": 12
    },
    "Ledge Grab-Climb": {
      "atlas": "Ledge_Grab-Climb_atlas.json",
      "image": "Ledge_Grab-Climb_atlas.png",
      "frames": [
        "Ledge Grab-Climb_1",
        "Ledge Grab-Climb_2",
        "Ledge Grab-Climb_3",
        "Ledge Grab-Climb_4",
        "Ledge Grab-Climb_5"
      ],
      "defaultFps": 12
    },
    "Pull": {
      "atlas": "Pull_atlas.json",
      "image": "Pull_atlas.png",
      "frames": [
        "Pull_1",
        "Pull_2",
        "Pull_3",
        "Pull_4",
        "Pull_5",
        "Pull_6"
      ],
      "defaultFps": 12
    },
    "Punch": {
      "atlas": "Punch_atlas.json",
      "image": "Punch_atlas.png",
      "frames": [
        "Punch_1",
        "Punch_2",
        "Punch_3",
        "Punch_4",
        "Punch_5",
        "Punch_6",
        "Punch_7",
        "Punch_8"
      ],
      "defaultFps": 12
    },
    "Punch Cross": {
      "atlas": "Punch_Cross_atlas.json",
      "image": "Punch_Cross_atlas.png",
      "frames": [
        "Punch Cross_1",
        "Punch Cross_2",
        "Punch Cross_3",
        "Punch Cross_4",
        "Punch Cross_5",
        "Punch Cross_6",
        "Punch Cross_7"
      ],
      "defaultFps": 12
    },
    "Punch Jab": {
      "atlas": "Punch_Jab_atlas.json",
      "image": "Punch_Jab_atlas.png",
      "frames": [
        "Punch Jab_1",
        "Punch Jab_2",
        "Punch Jab_3",
        "Punch Jab_4",
        "Punch Jab_5",
        "Punch Jab_6",
        "Punch Jab_7",
        "Punch Jab_8",
        "Punch Jab_9",
        "Punch Jab_10"
      ],
      "defaultFps": 12
    },
    "Push": {
      "atlas": "Push_atlas.json",
      "image": "Push_atlas.png",
      "frames": [
        "Push_1",
        "Push_2",
        "Push_3",
        "Push_4",
        "Push_5",
        "Push_6",
        "Push_7",
        "Push_8",
        "Push_9",
        "Push_10"
      ],
      "defaultFps": 12
    },
    "PushPull (idle state)": {
      "atlas": "PushPull_idle_state__atlas.json",
      "image": "PushPull_idle_state__atlas.png",
      "frames": [
        "PushPull (idle state)_1",
        "PushPull (idle state)_2",
        "PushPull (idle state)_3",
        "PushPull (idle state)_4",
        "PushPull (idle state)_5",
        "PushPull (idle state)_6",
        "PushPull (idle state)_7",
        "PushPull (idle state)_8"
      ],
      "defaultFps": 12
    },
    "Roll": {
      "atlas": "Roll_atlas.json",
      "image": "Roll_atlas.png",
      "frames": [
        "Roll_1",
        "Roll_2",
        "Roll_3",
        "Roll_4",
        "Roll_5",
        "Roll_6",
        "Roll_7"
      ],
      "defaultFps": 12
    },
    "Run": {
      "atlas": "Run_atlas.json",
      "image": "Run_atlas.png",
      "frames": [
        "Run_1",
        "Run_2",
        "Run_3",
        "Run_4",
        "Run_5",
        "Run_6",
        "Run_7",
        "Run_8"
      ],
      "defaultFps": 12
    },
    "Shooting (running and aiming)": {
      "atlas": "Shooting_running_and_aiming__atlas.json",
      "image": "Shooting_running_and_aiming__atlas.png",
      "frames": [
        "Shooting (running and aiming)_001",
        "Shooting (running and aiming)_002"
      ],
      "defaultFps": 12
    },
    "Shooting (two-handed)": {
      "atlas": "Shooting_two-handed__atlas.json",
      "image": "Shooting_two-handed__atlas.png",
      "frames": [
        "Shooting (two-handed)_1",
        "Shooting (two-handed)_2",
        "Shooting (two-handed)_3",
        "Shooting (two-handed)_4",
        "Shooting (two-handed)_5",
        "Shooting (two-handed)_6",
        "Shooting (two-handed)_7",
        "Shooting (two-handed)_8",
        "Shooting (two-handed)_9",
        "Shooting (two-handed)_10"
      ],
      "defaultFps": 12
    },
    "Slide": {
      "atlas": "Slide_atlas.json",
      "image": "Slide_atlas.png",
      "frames": [
        "Slide_1",
        "Slide_2",
        "Slide_3",
        "Slide_4",
        "Slide_5",
        "Slide_6",
        "Slide_7",
        "Slide_8"
      ],
      "defaultFps": 12
    },
    "Sword Attack": {
      "atlas": "Sword_Attack_atlas.json",
      "image": "Sword_Attack_atlas.png",
      "frames": [
        "Sword Attack_1",
        "Sword Attack_2",
        "Sword Attack_3",
        "Sword Attack_4",
        "Sword Attack_5",
        "Sword Attack_6"
      ],
      "defaultFps": 12
    },
    "Sword Idle": {
      "atlas": "Sword_Idle_atlas.json",
      "image": "Sword_Idle_atlas.png",
      "frames": [
        "Sword Idle_1",
        "Sword Idle_2",
        "Sword Idle_3",
        "Sword Idle_4",
        "Sword Idle_5",
        "Sword Idle_6",
        "Sword Idle_7",
        "Sword Idle_8",
        "Sword Idle_9",
        "Sword Idle_10"
      ],
      "defaultFps": 12
    },
    "Sword Run": {
      "atlas": "Sword_Run_atlas.json",
      "image": "Sword_Run_atlas.png",
      "frames": [
        "Sword Run_1",
        "Sword Run_2",
        "Sword Run_3",
        "Sword Run_4",
        "Sword Run_5",
        "Sword Run_6",
        "Sword Run_7",
        "Sword Run_8"
      ],
      "defaultFps": 12
    },
    "Sword Stab": {
      "atlas": "Sword_Stab_atlas.json",
      "image": "Sword_Stab_atlas.png",
      "frames": [
        "Sword Stab_1",
        "Sword Stab_2",
        "Sword Stab_3",
        "Sword Stab_4",
        "Sword Stab_5",
        "Sword Stab_6",
        "Sword Stab_7",
        "Sword Stab_8",
        "Sword Stab_9",
        "Sword Stab_10",
        "Sword Stab_11",
        "Sword Stab_12",
        "Sword Stab_13",
        "Sword Stab_14"
      ],
      "defaultFps": 12
    },
    "Tilemap (Super Basic)": {
      "atlas": "Tilemap_Super_Basic__atlas.json",
      "image": "Tilemap_Super_Basic__atlas.png",
      "frames": [
        "Tilemap (Super Basic)_001",
        "Tilemap (Super Basic)_002"
      ],
      "defaultFps": 12
    },
    "Walk": {
      "atlas": "Walk_atlas.json",
      "image": "Walk_atlas.png",
      "frames": [
        "Walk_1",
        "Walk_2",
        "Walk_3",
        "Walk_4",
        "Walk_5",
        "Walk_6",
        "Walk_7",
        "Walk_8"
      ],
      "defaultFps": 12
    },
    "Wall Land": {
      "atlas": "Wall_Land_atlas.json",
      "image": "Wall_Land_atlas.png",
      "frames": [
        "Wall Land_001",
        "Wall Land_002"
      ],
      "defaultFps": 12
    },
    "Wall Slide": {
      "atlas": "Wall_Slide_atlas.json",
      "image": "Wall_Slide_atlas.png",
      "frames": [
        "Wall Slide_001",
        "Wall Slide_002"
      ],
      "defaultFps": 12
    },
    "Air Spin": {
      "atlas": "Air_Spin_atlas.json",
      "image": "Air_Spin_atlas.png",
      "frames": [
        "Air Spin_1",
        "Air Spin_2",
        "Air Spin_3",
        "Air Spin_4",
        "Air Spin_5",
        "Air Spin_6"
      ],
      "defaultFps": 12
    },
    "Climb (facing back of player)": {
      "atlas": "Climb_facing_back_of_player__atlas.json",
      "image": "Climb_facing_back_of_player__atlas.png",
      "frames": [
        "Climb (facing back of player)_1",
        "Climb (facing back of player)_2",
        "Climb (facing back of player)_3",
        "Climb (facing back of player)_4"
      ],
      "defaultFps": 12
    },
    "Climb (facing side of player)": {
      "atlas": "Climb_facing_side_of_player__atlas.json",
      "image": "Climb_facing_side_of_player__atlas.png",
      "frames": [
        "Climb (facing side of player)_1",
        "Climb (facing side of player)_2",
        "Climb (facing side of player)_3",
        "Climb (facing side of player)_4"
      ],
      "defaultFps": 12
    },
    "old climb": {
      "atlas": "old_climb_atlas.json",
      "image": "old_climb_atlas.png",
      "frames": [
        "old climb_1",
        "old climb_2",
        "old climb_3",
        "old climb_4"
      ],
      "defaultFps": 12
    },
    "Crouch-Idle": {
      "atlas": "Crouch-Idle_atlas.json",
      "image": "Crouch-Idle_atlas.png",
      "frames": [
        "Crouch-Idle_1",
        "Crouch-Idle_2",
        "Crouch-Idle_3",
        "Crouch-Idle_4",
        "Crouch-Idle_5",
        "Crouch-Idle_6",
        "Crouch-Idle_7",
        "Crouch-Idle_8",
        "Crouch-Idle_9",
        "Crouch-Idle_10"
      ],
      "defaultFps": 12
    },
    "Crouch-Walk": {
      "atlas": "Crouch-Walk_atlas.json",
      "image": "Crouch-Walk_atlas.png",
      "frames": [
        "Crouch-Walk_1",
        "Crouch-Walk_2",
        "Crouch-Walk_3",
        "Crouch-Walk_4",
        "Crouch-Walk_5",
        "Crouch-Walk_6",
        "Crouch-Walk_7",
        "Crouch-Walk_8",
        "Crouch-Walk_9",
        "Crouch-Walk_10"
      ],
      "defaultFps": 12
    }
  }
}