{
  "meta": {
    "image": "PS_Tileset_10_grid.png",
    "size": {
      "w": 448,
      "h": 336
    },
    "tileSize": 16,
    "padding": 6,
    "indexing": "1-based (cell-C-R)",
    "note": "Preview is separate; use this runtime image+atlas in-game."
  },
  "frames": {
    "cell-1-1": {
      "x": 6,
      "y": 6,
      "w": 16,
      "h": 16,
      "pivotX": 0.5,
      "pivotY": 0.8
    },
    "cell-2-1": {
      "x": 34,
      "y": 6,
      "w": 16,
      "h": 16,
      "pivotX": 0.5,
      "pivotY": 0.8
    },
    "cell-3-1": {
      "x": 62,
      "y": 6,
      "w": 16,
      "h": 16,
      "pivotX": 0.5,
      "pivotY": 0.8
    },
    "cell-4-1": {
      "x": 90,
      "y": 6,
      "w": 16,
      "h": 16,
      "pivotX": 0.5,
      "pivotY": 0.8
    },
    "cell-5-1": {
      "x": 118,
      "y": 6,
      "w": 16,
      "h": 16,
      "pivotX": 0.5,
      "pivotY": 0.8
    },
    "cell-6-1": {
      "x": 146,
      "y": 6,
      "w": 16,
      "h": 16,
      "pivotX": 0.5,
      "pivotY": 0.8
    },
    "cell-7-1": {
      "x": 174,
      "y": 6,
      "w": 16,
      "h": 16,
      "pivotX": 0.5,
      "pivotY": 0.8
    },
    "cell-8-1": {
      "x": 202,
      "y": 6,
      "w": 16,
      "h": 16,
      "pivotX": 0.5,
      "pivotY": 0.8
    },
    "cell-9-1": {
      "x": 230,
      "y": 6,
      "w": 16,
      "h": 16,
      "pivotX": 0.5,
      "pivotY": 0.8
    },
    "cell-10-1": {
      "x": 258,
      "y": 6,
      "w": 16,
      "h": 16,
      "pivotX": 0.5,
      "pivotY": 0.8
    },
    "cell-11-1": {
      "x": 286,
      "y": 6,
      "w": 16,
      "h": 16,
      "pivotX": 0.5,
      "pivotY": 0.8
    },
    "cell-12-1": {
      "x": 314,
      "y": 6,
      "w": 16,
      "h": 16,
      "pivotX": 0.5,
      "pivotY": 0.8
    },
    "cell-13-1": {
      "x": 342,
      "y": 6,
      "w": 16,
      "h": 16,
      "pivotX": 0.5,
      "pivotY": 0.8
    },
    "cell-14-1": {
      "x": 370,
      "y": 6,
      "w": 16,
      "h": 16,
      "pivotX": 0.5,
      "pivotY": 0.8
    },
    "cell-15-1": {
      "x": 398,
      "y": 6,
      "w": 16,
      "h": 16,
      "pivotX": 0.5,
      "pivotY": 0.8
    },
    "cell-16-1": {
      "x": 426,
      "y": 6,
      "w": 16,
      "h": 16,
      "pivotX": 0.5,
      "pivotY": 0.8
    },
    "cell-1-2": {
      "x": 6,
      "y": 34,
      "w": 16,
      "h": 16,
      "pivotX": 0.5,
      "pivotY": 0.8
    },
    "cell-2-2": {
      "x": 34,
      "y": 34,
      "w": 16,
      "h": 16,
      "pivotX": 0.5,
      "pivotY": 0.8
    },
    "cell-3-2": {
      "x": 62,
      "y": 34,
      "w": 16,
      "h": 16,
      "pivotX": 0.5,
      "pivotY": 0.8
    },
    "cell-4-2": {
      "x": 90,
      "y": 34,
      "w": 16,
      "h": 16,
      "pivotX": 0.5,
      "pivotY": 0.8
    },
    "cell-5-2": {
      "x": 118,
      "y": 34,
      "w": 16,
      "h": 16,
      "pivotX": 0.5,
      "pivotY": 0.8
    },
    "cell-6-2": {
      "x": 146,
      "y": 34,
      "w": 16,
      "h": 16,
      "pivotX": 0.5,
      "pivotY": 0.8
    },
    "cell-7-2": {
      "x": 174,
      "y": 34,
      "w": 16,
      "h": 16,
      "pivotX": 0.5,
      "pivotY": 0.8
    },
    "cell-8-2": {
      "x": 202,
      "y": 34,
      "w": 16,
      "h": 16,
      "pivotX": 0.5,
      "pivotY": 0.8
    },
    "cell-9-2": {
      "x": 230,
      "y": 34,
      "w": 16,
      "h": 16,
      "pivotX": 0.5,
      "pivotY": 0.8
    },
    "cell-10-2": {
      "x": 258,
      "y": 34,
      "w": 16,
      "h": 16,
      "pivotX": 0.5,
      "pivotY": 0.8
    },
    "cell-11-2": {
      "x": 286,
      "y": 34,
      "w": 16,
      "h": 16,
      "pivotX": 0.5,
      "pivotY": 0.8
    },
    "cell-12-2": {
      "x": 314,
      "y": 34,
      "w": 16,
      "h": 16,
      "pivotX": 0.5,
      "pivotY": 0.8
    },
    "cell-13-2": {
      "x": 342,
      "y": 34,
      "w": 16,
      "h": 16,
      "pivotX": 0.5,
      "pivotY": 0.8
    },
    "cell-14-2": {
      "x": 370,
      "y": 34,
      "w": 16,
      "h": 16,
      "pivotX": 0.5,
      "pivotY": 0.8
    },
    "cell-15-2": {
      "x": 398,
      "y": 34,
      "w": 16,
      "h": 16,
      "pivotX": 0.5,
      "pivotY": 0.8
    },
    "cell-16-2": {
      "x": 426,
      "y": 34,
      "w": 16,
      "h": 16,
      "pivotX": 0.5,
      "pivotY": 0.8
    },
    "cell-1-3": {
      "x": 6,
      "y": 62,
      "w": 16,
      "h": 16,
      "pivotX": 0.5,
      "pivotY": 0.8
    },
    "cell-2-3": {
      "x": 34,
      "y": 62,
      "w": 16,
      "h": 16,
      "pivotX": 0.5,
      "pivotY": 0.8
    },
    "cell-3-3": {
      "x": 62,
      "y": 62,
      "w": 16,
      "h": 16,
      "pivotX": 0.5,
      "pivotY": 0.8
    },
    "cell-4-3": {
      "x": 90,
      "y": 62,
      "w": 16,
      "h": 16,
      "pivotX": 0.5,
      "pivotY": 0.8
    },
    "cell-5-3": {
      "x": 118,
      "y": 62,
      "w": 16,
      "h": 16,
      "pivotX": 0.5,
      "pivotY": 0.8
    },
    "cell-6-3": {
      "x": 146,
      "y": 62,
      "w": 16,
      "h": 16,
      "pivotX": 0.5,
      "pivotY": 0.8
    },
    "cell-7-3": {
      "x": 174,
      "y": 62,
      "w": 16,
      "h": 16,
      "pivotX": 0.5,
      "pivotY": 0.8
    },
    "cell-8-3": {
      "x": 202,
      "y": 62,
      "w": 16,
      "h": 16,
      "pivotX": 0.5,
      "pivotY": 0.8
    },
    "cell-9-3": {
      "x": 230,
      "y": 62,
      "w": 16,
      "h": 16,
      "pivotX": 0.5,
      "pivotY": 0.8
    },
    "cell-10-3": {
      "x": 258,
      "y": 62,
      "w": 16,
      "h": 16,
      "pivotX": 0.5,
      "pivotY": 0.8
    },
    "cell-11-3": {
      "x": 286,
      "y": 62,
      "w": 16,
      "h": 16,
      "pivotX": 0.5,
      "pivotY": 0.8
    },
    "cell-12-3": {
      "x": 314,
      "y": 62,
      "w": 16,
      "h": 16,
      "pivotX": 0.5,
      "pivotY": 0.8
    },
    "cell-13-3": {
      "x": 342,
      "y": 62,
      "w": 16,
      "h": 16,
      "pivotX": 0.5,
      "pivotY": 0.8
    },
    "cell-14-3": {
      "x": 370,
      "y": 62,
      "w": 16,
      "h": 16,
      "pivotX": 0.5,
      "pivotY": 0.8
    },
    "cell-15-3": {
      "x": 398,
      "y": 62,
      "w": 16,
      "h": 16,
      "pivotX": 0.5,
      "pivotY": 0.8
    },
    "cell-16-3": {
      "x": 426,
      "y": 62,
      "w": 16,
      "h": 16,
      "pivotX": 0.5,
      "pivotY": 0.8
    },
    "cell-1-4": {
      "x": 6,
      "y": 90,
      "w": 16,
      "h": 16,
      "pivotX": 0.5,
      "pivotY": 0.8
    },
    "cell-2-4": {
      "x": 34,
      "y": 90,
      "w": 16,
      "h": 16,
      "pivotX": 0.5,
      "pivotY": 0.8
    },
    "cell-3-4": {
      "x": 62,
      "y": 90,
      "w": 16,
      "h": 16,
      "pivotX": 0.5,
      "pivotY": 0.8
    },
    "cell-4-4": {
      "x": 90,
      "y": 90,
      "w": 16,
      "h": 16,
      "pivotX": 0.5,
      "pivotY": 0.8
    },
    "cell-5-4": {
      "x": 118,
      "y": 90,
      "w": 16,
      "h": 16,
      "pivotX": 0.5,
      "pivotY": 0.8
    },
    "cell-6-4": {
      "x": 146,
      "y": 90,
      "w": 16,
      "h": 16,
      "pivotX": 0.5,
      "pivotY": 0.8
    },
    "cell-7-4": {
      "x": 174,
      "y": 90,
      "w": 16,
      "h": 16,
      "pivotX": 0.5,
      "pivotY": 0.8
    },
    "cell-8-4": {
      "x": 202,
      "y": 90,
      "w": 16,
      "h": 16,
      "pivotX": 0.5,
      "pivotY": 0.8
    },
    "cell-9-4": {
      "x": 230,
      "y": 90,
      "w": 16,
      "h": 16,
      "pivotX": 0.5,
      "pivotY": 0.8
    },
    "cell-10-4": {
      "x": 258,
      "y": 90,
      "w": 16,
      "h": 16,
      "pivotX": 0.5,
      "pivotY": 0.8
    },
    "cell-11-4": {
      "x": 286,
      "y": 90,
      "w": 16,
      "h": 16,
      "pivotX": 0.5,
      "pivotY": 0.8
    },
    "cell-12-4": {
      "x": 314,
      "y": 90,
      "w": 16,
      "h": 16,
      "pivotX": 0.5,
      "pivotY": 0.8
    },
    "cell-13-4": {
      "x": 342,
      "y": 90,
      "w": 16,
      "h": 16,
      "pivotX": 0.5,
      "pivotY": 0.8
    },
    "cell-14-4": {
      "x": 370,
      "y": 90,
      "w": 16,
      "h": 16,
      "pivotX": 0.5,
      "pivotY": 0.8
    },
    "cell-15-4": {
      "x": 398,
      "y": 90,
      "w": 16,
      "h": 16,
      "pivotX": 0.5,
      "pivotY": 0.8
    },
    "cell-16-4": {
      "x": 426,
      "y": 90,
      "w": 16,
      "h": 16,
      "pivotX": 0.5,
      "pivotY": 0.8
    },
    "cell-1-5": {
      "x": 6,
      "y": 118,
      "w": 16,
      "h": 16,
      "pivotX": 0.5,
      "pivotY": 0.8
    },
    "cell-2-5": {
      "x": 34,
      "y": 118,
      "w": 16,
      "h": 16,
      "pivotX": 0.5,
      "pivotY": 0.8
    },
    "cell-3-5": {
      "x": 62,
      "y": 118,
      "w": 16,
      "h": 16,
      "pivotX": 0.5,
      "pivotY": 0.8
    },
    "cell-4-5": {
      "x": 90,
      "y": 118,
      "w": 16,
      "h": 16,
      "pivotX": 0.5,
      "pivotY": 0.8
    },
    "cell-5-5": {
      "x": 118,
      "y": 118,
      "w": 16,
      "h": 16,
      "pivotX": 0.5,
      "pivotY": 0.8
    },
    "cell-6-5": {
      "x": 146,
      "y": 118,
      "w": 16,
      "h": 16,
      "pivotX": 0.5,
      "pivotY": 0.8
    },
    "cell-7-5": {
      "x": 174,
      "y": 118,
      "w": 16,
      "h": 16,
      "pivotX": 0.5,
      "pivotY": 0.8
    },
    "cell-8-5": {
      "x": 202,
      "y": 118,
      "w": 16,
      "h": 16,
      "pivotX": 0.5,
      "pivotY": 0.8
    },
    "cell-9-5": {
      "x": 230,
      "y": 118,
      "w": 16,
      "h": 16,
      "pivotX": 0.5,
      "pivotY": 0.8
    },
    "cell-10-5": {
      "x": 258,
      "y": 118,
      "w": 16,
      "h": 16,
      "pivotX": 0.5,
      "pivotY": 0.8
    },
    "cell-11-5": {
      "x": 286,
      "y": 118,
      "w": 16,
      "h": 16,
      "pivotX": 0.5,
      "pivotY": 0.8
    },
    "cell-12-5": {
      "x": 314,
      "y": 118,
      "w": 16,
      "h": 16,
      "pivotX": 0.5,
      "pivotY": 0.8
    },
    "cell-13-5": {
      "x": 342,
      "y": 118,
      "w": 16,
      "h": 16,
      "pivotX": 0.5,
      "pivotY": 0.8
    },
    "cell-14-5": {
      "x": 370,
      "y": 118,
      "w": 16,
      "h": 16,
      "pivotX": 0.5,
      "pivotY": 0.8
    },
    "cell-15-5": {
      "x": 398,
      "y": 118,
      "w": 16,
      "h": 16,
      "pivotX": 0.5,
      "pivotY": 0.8
    },
    "cell-16-5": {
      "x": 426,
      "y": 118,
      "w": 16,
      "h": 16,
      "pivotX": 0.5,
      "pivotY": 0.8
    },
    "cell-1-6": {
      "x": 6,
      "y": 146,
      "w": 16,
      "h": 16,
      "pivotX": 0.5,
      "pivotY": 0.8
    },
    "cell-2-6": {
      "x": 34,
      "y": 146,
      "w": 16,
      "h": 16,
      "pivotX": 0.5,
      "pivotY": 0.8
    },
    "cell-3-6": {
      "x": 62,
      "y": 146,
      "w": 16,
      "h": 16,
      "pivotX": 0.5,
      "pivotY": 0.8
    },
    "cell-4-6": {
      "x": 90,
      "y": 146,
      "w": 16,
      "h": 16,
      "pivotX": 0.5,
      "pivotY": 0.8
    },
    "cell-5-6": {
      "x": 118,
      "y": 146,
      "w": 16,
      "h": 16,
      "pivotX": 0.5,
      "pivotY": 0.8
    },
    "cell-6-6": {
      "x": 146,
      "y": 146,
      "w": 16,
      "h": 16,
      "pivotX": 0.5,
      "pivotY": 0.8
    },
    "cell-7-6": {
      "x": 174,
      "y": 146,
      "w": 16,
      "h": 16,
      "pivotX": 0.5,
      "pivotY": 0.8
    },
    "cell-8-6": {
      "x": 202,
      "y": 146,
      "w": 16,
      "h": 16,
      "pivotX": 0.5,
      "pivotY": 0.8
    },
    "cell-9-6": {
      "x": 230,
      "y": 146,
      "w": 16,
      "h": 16,
      "pivotX": 0.5,
      "pivotY": 0.8
    },
    "cell-10-6": {
      "x": 258,
      "y": 146,
      "w": 16,
      "h": 16,
      "pivotX": 0.5,
      "pivotY": 0.8
    },
    "cell-11-6": {
      "x": 286,
      "y": 146,
      "w": 16,
      "h": 16,
      "pivotX": 0.5,
      "pivotY": 0.8
    },
    "cell-12-6": {
      "x": 314,
      "y": 146,
      "w": 16,
      "h": 16,
      "pivotX": 0.5,
      "pivotY": 0.8
    },
    "cell-13-6": {
      "x": 342,
      "y": 146,
      "w": 16,
      "h": 16,
      "pivotX": 0.5,
      "pivotY": 0.8
    },
    "cell-14-6": {
      "x": 370,
      "y": 146,
      "w": 16,
      "h": 16,
      "pivotX": 0.5,
      "pivotY": 0.8
    },
    "cell-15-6": {
      "x": 398,
      "y": 146,
      "w": 16,
      "h": 16,
      "pivotX": 0.5,
      "pivotY": 0.8
    },
    "cell-16-6": {
      "x": 426,
      "y": 146,
      "w": 16,
      "h": 16,
      "pivotX": 0.5,
      "pivotY": 0.8
    },
    "cell-1-7": {
      "x": 6,
      "y": 174,
      "w": 16,
      "h": 16,
      "pivotX": 0.5,
      "pivotY": 0.8
    },
    "cell-2-7": {
      "x": 34,
      "y": 174,
      "w": 16,
      "h": 16,
      "pivotX": 0.5,
      "pivotY": 0.8
    },
    "cell-3-7": {
      "x": 62,
      "y": 174,
      "w": 16,
      "h": 16,
      "pivotX": 0.5,
      "pivotY": 0.8
    },
    "cell-4-7": {
      "x": 90,
      "y": 174,
      "w": 16,
      "h": 16,
      "pivotX": 0.5,
      "pivotY": 0.8
    },
    "cell-5-7": {
      "x": 118,
      "y": 174,
      "w": 16,
      "h": 16,
      "pivotX": 0.5,
      "pivotY": 0.8
    },
    "cell-6-7": {
      "x": 146,
      "y": 174,
      "w": 16,
      "h": 16,
      "pivotX": 0.5,
      "pivotY": 0.8
    },
    "cell-7-7": {
      "x": 174,
      "y": 174,
      "w": 16,
      "h": 16,
      "pivotX": 0.5,
      "pivotY": 0.8
    },
    "cell-8-7": {
      "x": 202,
      "y": 174,
      "w": 16,
      "h": 16,
      "pivotX": 0.5,
      "pivotY": 0.8
    },
    "cell-9-7": {
      "x": 230,
      "y": 174,
      "w": 16,
      "h": 16,
      "pivotX": 0.5,
      "pivotY": 0.8
    },
    "cell-10-7": {
      "x": 258,
      "y": 174,
      "w": 16,
      "h": 16,
      "pivotX": 0.5,
      "pivotY": 0.8
    },
    "cell-11-7": {
      "x": 286,
      "y": 174,
      "w": 16,
      "h": 16,
      "pivotX": 0.5,
      "pivotY": 0.8
    },
    "cell-12-7": {
      "x": 314,
      "y": 174,
      "w": 16,
      "h": 16,
      "pivotX": 0.5,
      "pivotY": 0.8
    },
    "cell-13-7": {
      "x": 342,
      "y": 174,
      "w": 16,
      "h": 16,
      "pivotX": 0.5,
      "pivotY": 0.8
    },
    "cell-14-7": {
      "x": 370,
      "y": 174,
      "w": 16,
      "h": 16,
      "pivotX": 0.5,
      "pivotY": 0.8
    },
    "cell-15-7": {
      "x": 398,
      "y": 174,
      "w": 16,
      "h": 16,
      "pivotX": 0.5,
      "pivotY": 0.8
    },
    "cell-16-7": {
      "x": 426,
      "y": 174,
      "w": 16,
      "h": 16,
      "pivotX": 0.5,
      "pivotY": 0.8
    },
    "cell-1-8": {
      "x": 6,
      "y": 202,
      "w": 16,
      "h": 16,
      "pivotX": 0.5,
      "pivotY": 0.8
    },
    "cell-2-8": {
      "x": 34,
      "y": 202,
      "w": 16,
      "h": 16,
      "pivotX": 0.5,
      "pivotY": 0.8
    },
    "cell-3-8": {
      "x": 62,
      "y": 202,
      "w": 16,
      "h": 16,
      "pivotX": 0.5,
      "pivotY": 0.8
    },
    "cell-4-8": {
      "x": 90,
      "y": 202,
      "w": 16,
      "h": 16,
      "pivotX": 0.5,
      "pivotY": 0.8
    },
    "cell-5-8": {
      "x": 118,
      "y": 202,
      "w": 16,
      "h": 16,
      "pivotX": 0.5,
      "pivotY": 0.8
    },
    "cell-6-8": {
      "x": 146,
      "y": 202,
      "w": 16,
      "h": 16,
      "pivotX": 0.5,
      "pivotY": 0.8
    },
    "cell-7-8": {
      "x": 174,
      "y": 202,
      "w": 16,
      "h": 16,
      "pivotX": 0.5,
      "pivotY": 0.8
    },
    "cell-8-8": {
      "x": 202,
      "y": 202,
      "w": 16,
      "h": 16,
      "pivotX": 0.5,
      "pivotY": 0.8
    },
    "cell-9-8": {
      "x": 230,
      "y": 202,
      "w": 16,
      "h": 16,
      "pivotX": 0.5,
      "pivotY": 0.8
    },
    "cell-10-8": {
      "x": 258,
      "y": 202,
      "w": 16,
      "h": 16,
      "pivotX": 0.5,
      "pivotY": 0.8
    },
    "cell-11-8": {
      "x": 286,
      "y": 202,
      "w": 16,
      "h": 16,
      "pivotX": 0.5,
      "pivotY": 0.8
    },
    "cell-12-8": {
      "x": 314,
      "y": 202,
      "w": 16,
      "h": 16,
      "pivotX": 0.5,
      "pivotY": 0.8
    },
    "cell-13-8": {
      "x": 342,
      "y": 202,
      "w": 16,
      "h": 16,
      "pivotX": 0.5,
      "pivotY": 0.8
    },
    "cell-14-8": {
      "x": 370,
      "y": 202,
      "w": 16,
      "h": 16,
      "pivotX": 0.5,
      "pivotY": 0.8
    },
    "cell-15-8": {
      "x": 398,
      "y": 202,
      "w": 16,
      "h": 16,
      "pivotX": 0.5,
      "pivotY": 0.8
    },
    "cell-16-8": {
      "x": 426,
      "y": 202,
      "w": 16,
      "h": 16,
      "pivotX": 0.5,
      "pivotY": 0.8
    },
    "cell-1-9": {
      "x": 6,
      "y": 230,
      "w": 16,
      "h": 16,
      "pivotX": 0.5,
      "pivotY": 0.8
    },
    "cell-2-9": {
      "x": 34,
      "y": 230,
      "w": 16,
      "h": 16,
      "pivotX": 0.5,
      "pivotY": 0.8
    },
    "cell-3-9": {
      "x": 62,
      "y": 230,
      "w": 16,
      "h": 16,
      "pivotX": 0.5,
      "pivotY": 0.8
    },
    "cell-4-9": {
      "x": 90,
      "y": 230,
      "w": 16,
      "h": 16,
      "pivotX": 0.5,
      "pivotY": 0.8
    },
    "cell-5-9": {
      "x": 118,
      "y": 230,
      "w": 16,
      "h": 16,
      "pivotX": 0.5,
      "pivotY": 0.8
    },
    "cell-6-9": {
      "x": 146,
      "y": 230,
      "w": 16,
      "h": 16,
      "pivotX": 0.5,
      "pivotY": 0.8
    },
    "cell-7-9": {
      "x": 174,
      "y": 230,
      "w": 16,
      "h": 16,
      "pivotX": 0.5,
      "pivotY": 0.8
    },
    "cell-8-9": {
      "x": 202,
      "y": 230,
      "w": 16,
      "h": 16,
      "pivotX": 0.5,
      "pivotY": 0.8
    },
    "cell-9-9": {
      "x": 230,
      "y": 230,
      "w": 16,
      "h": 16,
      "pivotX": 0.5,
      "pivotY": 0.8
    },
    "cell-10-9": {
      "x": 258,
      "y": 230,
      "w": 16,
      "h": 16,
      "pivotX": 0.5,
      "pivotY": 0.8
    },
    "cell-11-9": {
      "x": 286,
      "y": 230,
      "w": 16,
      "h": 16,
      "pivotX": 0.5,
      "pivotY": 0.8
    },
    "cell-12-9": {
      "x": 314,
      "y": 230,
      "w": 16,
      "h": 16,
      "pivotX": 0.5,
      "pivotY": 0.8
    },
    "cell-13-9": {
      "x": 342,
      "y": 230,
      "w": 16,
      "h": 16,
      "pivotX": 0.5,
      "pivotY": 0.8
    },
    "cell-14-9": {
      "x": 370,
      "y": 230,
      "w": 16,
      "h": 16,
      "pivotX": 0.5,
      "pivotY": 0.8
    },
    "cell-15-9": {
      "x": 398,
      "y": 230,
      "w": 16,
      "h": 16,
      "pivotX": 0.5,
      "pivotY": 0.8
    },
    "cell-16-9": {
      "x": 426,
      "y": 230,
      "w": 16,
      "h": 16,
      "pivotX": 0.5,
      "pivotY": 0.8
    },
    "cell-1-10": {
      "x": 6,
      "y": 258,
      "w": 16,
      "h": 16,
      "pivotX": 0.5,
      "pivotY": 0.8
    },
    "cell-2-10": {
      "x": 34,
      "y": 258,
      "w": 16,
      "h": 16,
      "pivotX": 0.5,
      "pivotY": 0.8
    },
    "cell-3-10": {
      "x": 62,
      "y": 258,
      "w": 16,
      "h": 16,
      "pivotX": 0.5,
      "pivotY": 0.8
    },
    "cell-4-10": {
      "x": 90,
      "y": 258,
      "w": 16,
      "h": 16,
      "pivotX": 0.5,
      "pivotY": 0.8
    },
    "cell-5-10": {
      "x": 118,
      "y": 258,
      "w": 16,
      "h": 16,
      "pivotX": 0.5,
      "pivotY": 0.8
    },
    "cell-6-10": {
      "x": 146,
      "y": 258,
      "w": 16,
      "h": 16,
      "pivotX": 0.5,
      "pivotY": 0.8
    },
    "cell-7-10": {
      "x": 174,
      "y": 258,
      "w": 16,
      "h": 16,
      "pivotX": 0.5,
      "pivotY": 0.8
    },
    "cell-8-10": {
      "x": 202,
      "y": 258,
      "w": 16,
      "h": 16,
      "pivotX": 0.5,
      "pivotY": 0.8
    },
    "cell-9-10": {
      "x": 230,
      "y": 258,
      "w": 16,
      "h": 16,
      "pivotX": 0.5,
      "pivotY": 0.8
    },
    "cell-10-10": {
      "x": 258,
      "y": 258,
      "w": 16,
      "h": 16,
      "pivotX": 0.5,
      "pivotY": 0.8
    },
    "cell-11-10": {
      "x": 286,
      "y": 258,
      "w": 16,
      "h": 16,
      "pivotX": 0.5,
      "pivotY": 0.8
    },
    "cell-12-10": {
      "x": 314,
      "y": 258,
      "w": 16,
      "h": 16,
      "pivotX": 0.5,
      "pivotY": 0.8
    },
    "cell-13-10": {
      "x": 342,
      "y": 258,
      "w": 16,
      "h": 16,
      "pivotX": 0.5,
      "pivotY": 0.8
    },
    "cell-14-10": {
      "x": 370,
      "y": 258,
      "w": 16,
      "h": 16,
      "pivotX": 0.5,
      "pivotY": 0.8
    },
    "cell-15-10": {
      "x": 398,
      "y": 258,
      "w": 16,
      "h": 16,
      "pivotX": 0.5,
      "pivotY": 0.8
    },
    "cell-16-10": {
      "x": 426,
      "y": 258,
      "w": 16,
      "h": 16,
      "pivotX": 0.5,
      "pivotY": 0.8
    },
    "cell-1-11": {
      "x": 6,
      "y": 286,
      "w": 16,
      "h": 16,
      "pivotX": 0.5,
      "pivotY": 0.8
    },
    "cell-2-11": {
      "x": 34,
      "y": 286,
      "w": 16,
      "h": 16,
      "pivotX": 0.5,
      "pivotY": 0.8
    },
    "cell-3-11": {
      "x": 62,
      "y": 286,
      "w": 16,
      "h": 16,
      "pivotX": 0.5,
      "pivotY": 0.8
    },
    "cell-4-11": {
      "x": 90,
      "y": 286,
      "w": 16,
      "h": 16,
      "pivotX": 0.5,
      "pivotY": 0.8
    },
    "cell-5-11": {
      "x": 118,
      "y": 286,
      "w": 16,
      "h": 16,
      "pivotX": 0.5,
      "pivotY": 0.8
    },
    "cell-6-11": {
      "x": 146,
      "y": 286,
      "w": 16,
      "h": 16,
      "pivotX": 0.5,
      "pivotY": 0.8
    },
    "cell-7-11": {
      "x": 174,
      "y": 286,
      "w": 16,
      "h": 16,
      "pivotX": 0.5,
      "pivotY": 0.8
    },
    "cell-8-11": {
      "x": 202,
      "y": 286,
      "w": 16,
      "h": 16,
      "pivotX": 0.5,
      "pivotY": 0.8
    },
    "cell-9-11": {
      "x": 230,
      "y": 286,
      "w": 16,
      "h": 16,
      "pivotX": 0.5,
      "pivotY": 0.8
    },
    "cell-10-11": {
      "x": 258,
      "y": 286,
      "w": 16,
      "h": 16,
      "pivotX": 0.5,
      "pivotY": 0.8
    },
    "cell-11-11": {
      "x": 286,
      "y": 286,
      "w": 16,
      "h": 16,
      "pivotX": 0.5,
      "pivotY": 0.8
    },
    "cell-12-11": {
      "x": 314,
      "y": 286,
      "w": 16,
      "h": 16,
      "pivotX": 0.5,
      "pivotY": 0.8
    },
    "cell-13-11": {
      "x": 342,
      "y": 286,
      "w": 16,
      "h": 16,
      "pivotX": 0.5,
      "pivotY": 0.8
    },
    "cell-14-11": {
      "x": 370,
      "y": 286,
      "w": 16,
      "h": 16,
      "pivotX": 0.5,
      "pivotY": 0.8
    },
    "cell-15-11": {
      "x": 398,
      "y": 286,
      "w": 16,
      "h": 16,
      "pivotX": 0.5,
      "pivotY": 0.8
    },
    "cell-16-11": {
      "x": 426,
      "y": 286,
      "w": 16,
      "h": 16,
      "pivotX": 0.5,
      "pivotY": 0.8
    },
    "cell-1-12": {
      "x": 6,
      "y": 314,
      "w": 16,
      "h": 16,
      "pivotX": 0.5,
      "pivotY": 0.8
    },
    "cell-2-12": {
      "x": 34,
      "y": 314,
      "w": 16,
      "h": 16,
      "pivotX": 0.5,
      "pivotY": 0.8
    },
    "cell-3-12": {
      "x": 62,
      "y": 314,
      "w": 16,
      "h": 16,
      "pivotX": 0.5,
      "pivotY": 0.8
    },
    "cell-4-12": {
      "x": 90,
      "y": 314,
      "w": 16,
      "h": 16,
      "pivotX": 0.5,
      "pivotY": 0.8
    },
    "cell-5-12": {
      "x": 118,
      "y": 314,
      "w": 16,
      "h": 16,
      "pivotX": 0.5,
      "pivotY": 0.8
    },
    "cell-6-12": {
      "x": 146,
      "y": 314,
      "w": 16,
      "h": 16,
      "pivotX": 0.5,
      "pivotY": 0.8
    },
    "cell-7-12": {
      "x": 174,
      "y": 314,
      "w": 16,
      "h": 16,
      "pivotX": 0.5,
      "pivotY": 0.8
    },
    "cell-8-12": {
      "x": 202,
      "y": 314,
      "w": 16,
      "h": 16,
      "pivotX": 0.5,
      "pivotY": 0.8
    },
    "cell-9-12": {
      "x": 230,
      "y": 314,
      "w": 16,
      "h": 16,
      "pivotX": 0.5,
      "pivotY": 0.8
    },
    "cell-10-12": {
      "x": 258,
      "y": 314,
      "w": 16,
      "h": 16,
      "pivotX": 0.5,
      "pivotY": 0.8
    },
    "cell-11-12": {
      "x": 286,
      "y": 314,
      "w": 16,
      "h": 16,
      "pivotX": 0.5,
      "pivotY": 0.8
    },
    "cell-12-12": {
      "x": 314,
      "y": 314,
      "w": 16,
      "h": 16,
      "pivotX": 0.5,
      "pivotY": 0.8
    },
    "cell-13-12": {
      "x": 342,
      "y": 314,
      "w": 16,
      "h": 16,
      "pivotX": 0.5,
      "pivotY": 0.8
    },
    "cell-14-12": {
      "x": 370,
      "y": 314,
      "w": 16,
      "h": 16,
      "pivotX": 0.5,
      "pivotY": 0.8
    },
    "cell-15-12": {
      "x": 398,
      "y": 314,
      "w": 16,
      "h": 16,
      "pivotX": 0.5,
      "pivotY": 0.8
    },
    "cell-16-12": {
      "x": 426,
      "y": 314,
      "w": 16,
      "h": 16,
      "pivotX": 0.5,
      "pivotY": 0.8
    }
  }
}