{
  "meta": {
    "map": "Grassy",
    "tileset_image": "grassy-tileset-extruded.png",
    "tileset_grid_json": "grassy-tileset_grid.json",
    "tileSize": 16,
    "source_file": "Grassy.xlsx"
  },
  "prefabs": {
    "floor": {
      "cells": [
        [
          "cell-2-1"
        ],
        [
          "cell-2-12"
        ]
      ],
      "rects": [
        [
          {
            "x": 38,
            "y": 2,
            "w": 16,
            "h": 16
          }
        ],
        [
          {
            "x": 38,
            "y": 200,
            "w": 16,
            "h": 16
          }
        ]
      ]
    },

    "tree-large": {
      "cells": [],
      "rects": [
        [
          null,
          { "x": 110, "y": 92, "w": 16, "h": 16 },
          null
        ],
        [
          { "x": 92, "y": 110, "w": 16, "h": 16 },
          { "x": 110, "y": 110, "w": 16, "h": 16 },
          { "x": 128, "y": 110, "w": 16, "h": 16 }
        ],
        [
          { "x": 92, "y": 128, "w": 16, "h": 16 },
          { "x": 110, "y": 128, "w": 16, "h": 16 },
          { "x": 128, "y": 128, "w": 16, "h": 16 }
        ],
        [
          null,
          { "x": 110, "y": 146, "w": 16, "h": 16 },
          null
        ]
      ]
    },
    "platform-basic": {
      "cells": [],
      "rects": [
        [
          { "x": 146, "y": 2, "w": 16, "h": 16 },
          { "x": 164, "y": 2, "w": 16, "h": 16 },
          { "x": 182, "y": 2, "w": 16, "h": 16 }
        ]
      ]
    }
  }
}